FREQ_code,REF_AREA_code,IND_TYPE_code,LIVELLO_code,VALUE,date
A,ATO1,AES_EFF,1,23938,1999
A,ATO1,AES_EFF,1,25113,2005
A,ATO1,AES_EFF,1,26456,2008
A,ATO1,AES_EFF,1,65004,2012
A,ATO1,AES_EFF,2,59846,1999
A,ATO1,AES_EFF,2,62334,2005
A,ATO1,AES_EFF,2,68504,2008
A,ATO1,AES_EFF,2,425303,2012
A,ATO1,AES_EFF,3,522549,1999
A,ATO1,AES_EFF,3,523149,2005
A,ATO1,AES_EFF,3,524919,2008
A,ATO1,AES_EFF,3,356846,2012
A,ATO1,AES_EFF,9,606333,1999
A,ATO1,AES_EFF,9,610596,2005
A,ATO1,AES_EFF,9,619879,2008
A,ATO1,AES_EFF,9,847153,2012
A,ATO1,DEP_ESER,1,101,1999
A,ATO1,DEP_ESER,1,105,2005
A,ATO1,DEP_ESER,1,112,2008
A,ATO1,DEP_ESER,1,179,2012
A,ATO1,DEP_ESER,2,58,1999
A,ATO1,DEP_ESER,2,64,2005
A,ATO1,DEP_ESER,2,65,2008
A,ATO1,DEP_ESER,2,77,2012
A,ATO1,DEP_ESER,3,20,1999
A,ATO1,DEP_ESER,3,21,2005
A,ATO1,DEP_ESER,3,21,2008
A,ATO1,DEP_ESER,3,14,2012
A,ATO1,DEP_ESER,9,179,1999
A,ATO1,DEP_ESER,9,190,2005
A,ATO1,DEP_ESER,9,198,2008
A,ATO1,DEP_ESER,9,270,2012
A,ATO10,AES_EFF,3,1895606,2005
A,ATO10,AES_EFF,3,1895606,2008
A,ATO10,AES_EFF,3,1817852,2012
A,ATO10,AES_EFF,9,1895606,2005
A,ATO10,AES_EFF,9,1895606,2008
A,ATO10,AES_EFF,9,1817852,2012
A,ATO10,DEP_ESER,3,3,2005
A,ATO10,DEP_ESER,3,3,2008
A,ATO10,DEP_ESER,3,2,2012
A,ATO10,DEP_ESER,9,3,2005
A,ATO10,DEP_ESER,9,3,2008
A,ATO10,DEP_ESER,9,2,2012
A,ATO11,AES_EFF,1,10937,1999
A,ATO11,AES_EFF,1,10986,2005
A,ATO11,AES_EFF,1,3204,2008
A,ATO11,AES_EFF,1,9639,2012
A,ATO11,AES_EFF,2,39898,1999
A,ATO11,AES_EFF,2,40362,2005
A,ATO11,AES_EFF,2,56093,2008
A,ATO11,AES_EFF,2,120398,2012
A,ATO11,AES_EFF,3,758034,1999
A,ATO11,AES_EFF,3,756819,2005
A,ATO11,AES_EFF,3,784695,2008
A,ATO11,AES_EFF,3,579051,2012
A,ATO11,AES_EFF,9,808869,1999
A,ATO11,AES_EFF,9,808167,2005
A,ATO11,AES_EFF,9,843992,2008
A,ATO11,AES_EFF,9,709088,2012
A,ATO11,DEP_ESER,1,12,1999
A,ATO11,DEP_ESER,1,12,2005
A,ATO11,DEP_ESER,1,10,2008
A,ATO11,DEP_ESER,1,15,2012
A,ATO11,DEP_ESER,2,13,1999
A,ATO11,DEP_ESER,2,13,2005
A,ATO11,DEP_ESER,2,13,2008
A,ATO11,DEP_ESER,2,17,2012
A,ATO11,DEP_ESER,3,22,1999
A,ATO11,DEP_ESER,3,22,2005
A,ATO11,DEP_ESER,3,25,2008
A,ATO11,DEP_ESER,3,21,2012
A,ATO11,DEP_ESER,9,47,1999
A,ATO11,DEP_ESER,9,47,2005
A,ATO11,DEP_ESER,9,48,2008
A,ATO11,DEP_ESER,9,52,2012
A,ATO12,AES_EFF,1,17546,1999
A,ATO12,AES_EFF,1,17861,2005
A,ATO12,AES_EFF,1,7856,2008
A,ATO12,AES_EFF,1,34937,2012
A,ATO12,AES_EFF,2,121417,1999
A,ATO12,AES_EFF,2,161417,2005
A,ATO12,AES_EFF,2,202587,2008
A,ATO12,AES_EFF,2,132341,2012
A,ATO12,AES_EFF,3,304283,1999
A,ATO12,AES_EFF,3,350161,2005
A,ATO12,AES_EFF,3,352106,2008
A,ATO12,AES_EFF,3,327238,2012
A,ATO12,AES_EFF,9,443246,1999
A,ATO12,AES_EFF,9,529439,2005
A,ATO12,AES_EFF,9,562550,2008
A,ATO12,AES_EFF,9,494516,2012
A,ATO12,DEP_ESER,1,29,1999
A,ATO12,DEP_ESER,1,30,2005
A,ATO12,DEP_ESER,1,29,2008
A,ATO12,DEP_ESER,1,43,2012
A,ATO12,DEP_ESER,2,39,1999
A,ATO12,DEP_ESER,2,40,2005
A,ATO12,DEP_ESER,2,58,2008
A,ATO12,DEP_ESER,2,49,2012
A,ATO12,DEP_ESER,3,9,1999
A,ATO12,DEP_ESER,3,9,2005
A,ATO12,DEP_ESER,3,11,2008
A,ATO12,DEP_ESER,3,18,2012
A,ATO12,DEP_ESER,9,77,1999
A,ATO12,DEP_ESER,9,79,2005
A,ATO12,DEP_ESER,9,98,2008
A,ATO12,DEP_ESER,9,110,2012
A,ATO13,AES_EFF,1,32081,1999
A,ATO13,AES_EFF,1,32082,2005
A,ATO13,AES_EFF,1,14047,2008
A,ATO13,AES_EFF,1,23375,2012
A,ATO13,AES_EFF,2,15922,1999
A,ATO13,AES_EFF,2,15922,2005
A,ATO13,AES_EFF,2,27432,2008
A,ATO13,AES_EFF,2,289200,2012
A,ATO13,AES_EFF,3,356064,1999
A,ATO13,AES_EFF,3,359719,2005
A,ATO13,AES_EFF,3,390678,2008
A,ATO13,AES_EFF,3,124300,2012
A,ATO13,AES_EFF,9,404067,1999
A,ATO13,AES_EFF,9,407723,2005
A,ATO13,AES_EFF,9,432157,2008
A,ATO13,AES_EFF,9,436875,2012
A,ATO13,DEP_ESER,1,21,1999
A,ATO13,DEP_ESER,1,21,2005
A,ATO13,DEP_ESER,1,27,2008
A,ATO13,DEP_ESER,1,44,2012
A,ATO13,DEP_ESER,2,8,1999
A,ATO13,DEP_ESER,2,8,2005
A,ATO13,DEP_ESER,2,17,2008
A,ATO13,DEP_ESER,2,20,2012
A,ATO13,DEP_ESER,3,15,1999
A,ATO13,DEP_ESER,3,15,2005
A,ATO13,DEP_ESER,3,19,2008
A,ATO13,DEP_ESER,3,6,2012
A,ATO13,DEP_ESER,9,44,1999
A,ATO13,DEP_ESER,9,44,2005
A,ATO13,DEP_ESER,9,63,2008
A,ATO13,DEP_ESER,9,70,2012
A,ATO14,AES_EFF,1,1126,1999
A,ATO14,AES_EFF,1,1206,2005
A,ATO14,AES_EFF,1,3313,2008
A,ATO14,AES_EFF,1,3313,2012
A,ATO14,AES_EFF,2,59418,1999
A,ATO14,AES_EFF,2,56073,2005
A,ATO14,AES_EFF,2,64652,2008
A,ATO14,AES_EFF,2,64654,2012
A,ATO14,AES_EFF,3,137926,1999
A,ATO14,AES_EFF,3,139889,2005
A,ATO14,AES_EFF,3,147649,2008
A,ATO14,AES_EFF,3,147649,2012
A,ATO14,AES_EFF,9,198469,1999
A,ATO14,AES_EFF,9,197168,2005
A,ATO14,AES_EFF,9,215613,2008
A,ATO14,AES_EFF,9,215616,2012
A,ATO14,DEP_ESER,1,6,1999
A,ATO14,DEP_ESER,1,6,2005
A,ATO14,DEP_ESER,1,7,2008
A,ATO14,DEP_ESER,1,9,2012
A,ATO14,DEP_ESER,2,51,1999
A,ATO14,DEP_ESER,2,51,2005
A,ATO14,DEP_ESER,2,58,2008
A,ATO14,DEP_ESER,2,59,2012
A,ATO14,DEP_ESER,3,9,1999
A,ATO14,DEP_ESER,3,10,2005
A,ATO14,DEP_ESER,3,13,2008
A,ATO14,DEP_ESER,3,14,2012
A,ATO14,DEP_ESER,9,66,1999
A,ATO14,DEP_ESER,9,67,2005
A,ATO14,DEP_ESER,9,78,2008
A,ATO14,DEP_ESER,9,82,2012
A,ATO15,AES_EFF,1,5068,1999
A,ATO15,AES_EFF,1,18568,2005
A,ATO15,AES_EFF,1,14997,2008
A,ATO15,AES_EFF,1,35061,2012
A,ATO15,AES_EFF,2,104961,1999
A,ATO15,AES_EFF,2,110849,2005
A,ATO15,AES_EFF,2,122832,2008
A,ATO15,AES_EFF,2,122967,2012
A,ATO15,AES_EFF,3,197817,1999
A,ATO15,AES_EFF,3,213774,2005
A,ATO15,AES_EFF,3,242830,2008
A,ATO15,AES_EFF,3,180414,2012
A,ATO15,AES_EFF,9,307846,1999
A,ATO15,AES_EFF,9,343191,2005
A,ATO15,AES_EFF,9,380659,2008
A,ATO15,AES_EFF,9,338442,2012
A,ATO15,DEP_ESER,1,5,1999
A,ATO15,DEP_ESER,1,7,2005
A,ATO15,DEP_ESER,1,6,2008
A,ATO15,DEP_ESER,1,10,2012
A,ATO15,DEP_ESER,2,81,1999
A,ATO15,DEP_ESER,2,83,2005
A,ATO15,DEP_ESER,2,88,2008
A,ATO15,DEP_ESER,2,103,2012
A,ATO15,DEP_ESER,3,29,1999
A,ATO15,DEP_ESER,3,30,2005
A,ATO15,DEP_ESER,3,34,2008
A,ATO15,DEP_ESER,3,25,2012
A,ATO15,DEP_ESER,9,115,1999
A,ATO15,DEP_ESER,9,120,2005
A,ATO15,DEP_ESER,9,128,2008
A,ATO15,DEP_ESER,9,138,2012
A,ATO16,AES_EFF,1,20000,1999
A,ATO16,AES_EFF,1,20000,2005
A,ATO16,AES_EFF,1,280,2008
A,ATO16,AES_EFF,1,130926,2012
A,ATO16,AES_EFF,2,229417,1999
A,ATO16,AES_EFF,2,229997,2005
A,ATO16,AES_EFF,2,229588,2008
A,ATO16,AES_EFF,2,112078,2012
A,ATO16,AES_EFF,3,2056205,1999
A,ATO16,AES_EFF,3,2122802,2005
A,ATO16,AES_EFF,3,2376650,2008
A,ATO16,AES_EFF,3,2311650,2012
A,ATO16,AES_EFF,9,2305622,1999
A,ATO16,AES_EFF,9,2372799,2005
A,ATO16,AES_EFF,9,2606518,2008
A,ATO16,AES_EFF,9,2554654,2012
A,ATO16,DEP_ESER,1,1,1999
A,ATO16,DEP_ESER,1,1,2005
A,ATO16,DEP_ESER,1,1,2008
A,ATO16,DEP_ESER,1,4,2012
A,ATO16,DEP_ESER,2,23,1999
A,ATO16,DEP_ESER,2,24,2005
A,ATO16,DEP_ESER,2,24,2008
A,ATO16,DEP_ESER,2,20,2012
A,ATO16,DEP_ESER,3,28,1999
A,ATO16,DEP_ESER,3,30,2005
A,ATO16,DEP_ESER,3,32,2008
A,ATO16,DEP_ESER,3,36,2012
A,ATO16,DEP_ESER,9,52,1999
A,ATO16,DEP_ESER,9,55,2005
A,ATO16,DEP_ESER,9,57,2008
A,ATO16,DEP_ESER,9,60,2012
A,ATO17,AES_EFF,1,28094,1999
A,ATO17,AES_EFF,1,31350,2005
A,ATO17,AES_EFF,1,35507,2008
A,ATO17,AES_EFF,1,35674,2012
A,ATO17,AES_EFF,2,78188,1999
A,ATO17,AES_EFF,2,79064,2005
A,ATO17,AES_EFF,2,123073,2008
A,ATO17,AES_EFF,2,260908,2012
A,ATO17,AES_EFF,3,334300,1999
A,ATO17,AES_EFF,3,353450,2005
A,ATO17,AES_EFF,3,481605,2008
A,ATO17,AES_EFF,3,370623,2012
A,ATO17,AES_EFF,9,440583,1999
A,ATO17,AES_EFF,9,463864,2005
A,ATO17,AES_EFF,9,640185,2008
A,ATO17,AES_EFF,9,667205,2012
A,ATO17,DEP_ESER,1,232,1999
A,ATO17,DEP_ESER,1,237,2005
A,ATO17,DEP_ESER,1,304,2008
A,ATO17,DEP_ESER,1,365,2012
A,ATO17,DEP_ESER,2,61,1999
A,ATO17,DEP_ESER,2,62,2005
A,ATO17,DEP_ESER,2,86,2008
A,ATO17,DEP_ESER,2,92,2012
A,ATO17,DEP_ESER,3,32,1999
A,ATO17,DEP_ESER,3,32,2005
A,ATO17,DEP_ESER,3,41,2008
A,ATO17,DEP_ESER,3,37,2012
A,ATO17,DEP_ESER,9,325,1999
A,ATO17,DEP_ESER,9,331,2005
A,ATO17,DEP_ESER,9,431,2008
A,ATO17,DEP_ESER,9,494,2012
A,ATO18,AES_EFF,1,21126,1999
A,ATO18,AES_EFF,1,21918,2005
A,ATO18,AES_EFF,1,18556,2008
A,ATO18,AES_EFF,1,27731,2012
A,ATO18,AES_EFF,2,29092,1999
A,ATO18,AES_EFF,2,39760,2005
A,ATO18,AES_EFF,2,42022,2008
A,ATO18,AES_EFF,2,94388,2012
A,ATO18,AES_EFF,3,167632,1999
A,ATO18,AES_EFF,3,168132,2005
A,ATO18,AES_EFF,3,248126,2008
A,ATO18,AES_EFF,3,240643,2012
A,ATO18,AES_EFF,9,217850,1999
A,ATO18,AES_EFF,9,229810,2005
A,ATO18,AES_EFF,9,308704,2008
A,ATO18,AES_EFF,9,362762,2012
A,ATO18,DEP_ESER,1,37,1999
A,ATO18,DEP_ESER,1,42,2005
A,ATO18,DEP_ESER,1,39,2008
A,ATO18,DEP_ESER,1,53,2012
A,ATO18,DEP_ESER,2,9,1999
A,ATO18,DEP_ESER,2,11,2005
A,ATO18,DEP_ESER,2,14,2008
A,ATO18,DEP_ESER,2,16,2012
A,ATO18,DEP_ESER,3,13,1999
A,ATO18,DEP_ESER,3,13,2005
A,ATO18,DEP_ESER,3,19,2008
A,ATO18,DEP_ESER,3,16,2012
A,ATO18,DEP_ESER,9,59,1999
A,ATO18,DEP_ESER,9,66,2005
A,ATO18,DEP_ESER,9,72,2008
A,ATO18,DEP_ESER,9,84,2012
A,ATO19,AES_EFF,1,9410,1999
A,ATO19,AES_EFF,1,9357,2005
A,ATO19,AES_EFF,1,8025,2008
A,ATO19,AES_EFF,1,9211,2012
A,ATO19,AES_EFF,2,122402,1999
A,ATO19,AES_EFF,2,123252,2005
A,ATO19,AES_EFF,2,133177,2008
A,ATO19,AES_EFF,2,119383,2012
A,ATO19,AES_EFF,3,843882,1999
A,ATO19,AES_EFF,3,874418,2005
A,ATO19,AES_EFF,3,1025062,2008
A,ATO19,AES_EFF,3,740776,2012
A,ATO19,AES_EFF,9,975694,1999
A,ATO19,AES_EFF,9,1007027,2005
A,ATO19,AES_EFF,9,1166264,2008
A,ATO19,AES_EFF,9,869370,2012
A,ATO19,DEP_ESER,1,19,1999
A,ATO19,DEP_ESER,1,19,2005
A,ATO19,DEP_ESER,1,19,2008
A,ATO19,DEP_ESER,1,37,2012
A,ATO19,DEP_ESER,2,22,1999
A,ATO19,DEP_ESER,2,22,2005
A,ATO19,DEP_ESER,2,26,2008
A,ATO19,DEP_ESER,2,25,2012
A,ATO19,DEP_ESER,3,33,1999
A,ATO19,DEP_ESER,3,33,2005
A,ATO19,DEP_ESER,3,36,2008
A,ATO19,DEP_ESER,3,34,2012
A,ATO19,DEP_ESER,9,74,1999
A,ATO19,DEP_ESER,9,74,2005
A,ATO19,DEP_ESER,9,81,2008
A,ATO19,DEP_ESER,9,96,2012
A,ATO2,AES_EFF,1,38919,1999
A,ATO2,AES_EFF,1,60427,2005
A,ATO2,AES_EFF,1,60488,2008
A,ATO2,AES_EFF,1,61786,2012
A,ATO2,AES_EFF,2,272144,1999
A,ATO2,AES_EFF,2,292566,2005
A,ATO2,AES_EFF,2,313374,2008
A,ATO2,AES_EFF,2,392161,2012
A,ATO2,AES_EFF,3,380569,1999
A,ATO2,AES_EFF,3,381545,2005
A,ATO2,AES_EFF,3,381945,2008
A,ATO2,AES_EFF,3,187585,2012
A,ATO2,AES_EFF,9,691631,1999
A,ATO2,AES_EFF,9,734537,2005
A,ATO2,AES_EFF,9,755807,2008
A,ATO2,AES_EFF,9,641532,2012
A,ATO2,DEP_ESER,1,302,1999
A,ATO2,DEP_ESER,1,483,2005
A,ATO2,DEP_ESER,1,518,2008
A,ATO2,DEP_ESER,1,658,2012
A,ATO2,DEP_ESER,2,64,1999
A,ATO2,DEP_ESER,2,93,2005
A,ATO2,DEP_ESER,2,101,2008
A,ATO2,DEP_ESER,2,112,2012
A,ATO2,DEP_ESER,3,4,1999
A,ATO2,DEP_ESER,3,4,2005
A,ATO2,DEP_ESER,3,5,2008
A,ATO2,DEP_ESER,3,7,2012
A,ATO2,DEP_ESER,9,370,1999
A,ATO2,DEP_ESER,9,580,2005
A,ATO2,DEP_ESER,9,624,2008
A,ATO2,DEP_ESER,9,777,2012
A,ATO22,AES_EFF,1,51692,1999
A,ATO22,AES_EFF,1,63973,2005
A,ATO22,AES_EFF,1,73318,2008
A,ATO22,AES_EFF,1,26558,2012
A,ATO22,AES_EFF,2,51979,1999
A,ATO22,AES_EFF,2,58418,2005
A,ATO22,AES_EFF,2,58122,2008
A,ATO22,AES_EFF,2,36253,2012
A,ATO22,AES_EFF,3,110201,1999
A,ATO22,AES_EFF,3,194180,2005
A,ATO22,AES_EFF,3,197744,2008
A,ATO22,AES_EFF,3,120251,2012
A,ATO22,AES_EFF,9,213872,1999
A,ATO22,AES_EFF,9,316571,2005
A,ATO22,AES_EFF,9,329184,2008
A,ATO22,AES_EFF,9,183062,2012
A,ATO22,DEP_ESER,1,241,1999
A,ATO22,DEP_ESER,1,295,2005
A,ATO22,DEP_ESER,1,312,2008
A,ATO22,DEP_ESER,1,337,2012
A,ATO22,DEP_ESER,2,46,1999
A,ATO22,DEP_ESER,2,50,2005
A,ATO22,DEP_ESER,2,47,2008
A,ATO22,DEP_ESER,2,45,2012
A,ATO22,DEP_ESER,3,12,1999
A,ATO22,DEP_ESER,3,14,2005
A,ATO22,DEP_ESER,3,14,2008
A,ATO22,DEP_ESER,3,23,2012
A,ATO22,DEP_ESER,9,299,1999
A,ATO22,DEP_ESER,9,359,2005
A,ATO22,DEP_ESER,9,373,2008
A,ATO22,DEP_ESER,9,405,2012
A,ATO23,AES_EFF,1,12260,1999
A,ATO23,AES_EFF,1,19300,2005
A,ATO23,AES_EFF,1,10548,2008
A,ATO23,AES_EFF,1,11149,2012
A,ATO23,AES_EFF,2,71889,1999
A,ATO23,AES_EFF,2,102111,2005
A,ATO23,AES_EFF,2,103149,2008
A,ATO23,AES_EFF,2,111887,2012
A,ATO23,AES_EFF,3,729976,1999
A,ATO23,AES_EFF,3,818542,2005
A,ATO23,AES_EFF,3,910222,2008
A,ATO23,AES_EFF,3,801824,2012
A,ATO23,AES_EFF,9,814125,1999
A,ATO23,AES_EFF,9,939953,2005
A,ATO23,AES_EFF,9,1023919,2008
A,ATO23,AES_EFF,9,924860,2012
A,ATO23,DEP_ESER,1,79,1999
A,ATO23,DEP_ESER,1,146,2005
A,ATO23,DEP_ESER,1,124,2008
A,ATO23,DEP_ESER,1,170,2012
A,ATO23,DEP_ESER,2,69,1999
A,ATO23,DEP_ESER,2,91,2005
A,ATO23,DEP_ESER,2,87,2008
A,ATO23,DEP_ESER,2,89,2012
A,ATO23,DEP_ESER,3,32,1999
A,ATO23,DEP_ESER,3,39,2005
A,ATO23,DEP_ESER,3,38,2008
A,ATO23,DEP_ESER,3,36,2012
A,ATO23,DEP_ESER,9,180,1999
A,ATO23,DEP_ESER,9,276,2005
A,ATO23,DEP_ESER,9,249,2008
A,ATO23,DEP_ESER,9,295,2012
A,ATO24,AES_EFF,1,3750,1999
A,ATO24,AES_EFF,1,5225,2005
A,ATO24,AES_EFF,1,7207,2008
A,ATO24,AES_EFF,1,7871,2012
A,ATO24,AES_EFF,2,17657,1999
A,ATO24,AES_EFF,2,22300,2005
A,ATO24,AES_EFF,2,7278,2008
A,ATO24,AES_EFF,2,9681,2012
A,ATO24,AES_EFF,3,347295,1999
A,ATO24,AES_EFF,3,344910,2005
A,ATO24,AES_EFF,3,418240,2008
A,ATO24,AES_EFF,3,523434,2012
A,ATO24,AES_EFF,9,368702,1999
A,ATO24,AES_EFF,9,372435,2005
A,ATO24,AES_EFF,9,432725,2008
A,ATO24,AES_EFF,9,540986,2012
A,ATO24,DEP_ESER,1,18,1999
A,ATO24,DEP_ESER,1,31,2005
A,ATO24,DEP_ESER,1,57,2008
A,ATO24,DEP_ESER,1,61,2012
A,ATO24,DEP_ESER,2,11,1999
A,ATO24,DEP_ESER,2,16,2005
A,ATO24,DEP_ESER,2,12,2008
A,ATO24,DEP_ESER,2,10,2012
A,ATO24,DEP_ESER,3,22,1999
A,ATO24,DEP_ESER,3,22,2005
A,ATO24,DEP_ESER,3,23,2008
A,ATO24,DEP_ESER,3,32,2012
A,ATO24,DEP_ESER,9,51,1999
A,ATO24,DEP_ESER,9,69,2005
A,ATO24,DEP_ESER,9,92,2008
A,ATO24,DEP_ESER,9,103,2012
A,ATO25,AES_EFF,1,1150,1999
A,ATO25,AES_EFF,1,1150,2005
A,ATO25,AES_EFF,1,1150,2008
A,ATO25,AES_EFF,1,100,2012
A,ATO25,AES_EFF,2,14753,2008
A,ATO25,AES_EFF,2,0,2012
A,ATO25,AES_EFF,3,602455,1999
A,ATO25,AES_EFF,3,611767,2005
A,ATO25,AES_EFF,3,621968,2008
A,ATO25,AES_EFF,3,575999,2012
A,ATO25,AES_EFF,9,603605,1999
A,ATO25,AES_EFF,9,612917,2005
A,ATO25,AES_EFF,9,637871,2008
A,ATO25,AES_EFF,9,576099,2012
A,ATO25,DEP_ESER,1,1,1999
A,ATO25,DEP_ESER,1,1,2005
A,ATO25,DEP_ESER,1,1,2008
A,ATO25,DEP_ESER,1,2,2012
A,ATO25,DEP_ESER,2,1,2008
A,ATO25,DEP_ESER,2,1,2012
A,ATO25,DEP_ESER,3,8,1999
A,ATO25,DEP_ESER,3,9,2005
A,ATO25,DEP_ESER,3,10,2008
A,ATO25,DEP_ESER,3,10,2012
A,ATO25,DEP_ESER,9,9,1999
A,ATO25,DEP_ESER,9,10,2005
A,ATO25,DEP_ESER,9,12,2008
A,ATO25,DEP_ESER,9,13,2012
A,ATO26,AES_EFF,1,8317,1999
A,ATO26,AES_EFF,1,9039,2005
A,ATO26,AES_EFF,1,5170,2008
A,ATO26,AES_EFF,1,6096,2012
A,ATO26,AES_EFF,2,54176,1999
A,ATO26,AES_EFF,2,64229,2005
A,ATO26,AES_EFF,2,66602,2008
A,ATO26,AES_EFF,2,71171,2012
A,ATO26,AES_EFF,3,196269,1999
A,ATO26,AES_EFF,3,201660,2005
A,ATO26,AES_EFF,3,204356,2008
A,ATO26,AES_EFF,3,173651,2012
A,ATO26,AES_EFF,9,258762,1999
A,ATO26,AES_EFF,9,274928,2005
A,ATO26,AES_EFF,9,276128,2008
A,ATO26,AES_EFF,9,250918,2012
A,ATO26,DEP_ESER,1,32,1999
A,ATO26,DEP_ESER,1,36,2005
A,ATO26,DEP_ESER,1,23,2008
A,ATO26,DEP_ESER,1,29,2012
A,ATO26,DEP_ESER,2,54,1999
A,ATO26,DEP_ESER,2,61,2005
A,ATO26,DEP_ESER,2,58,2008
A,ATO26,DEP_ESER,2,71,2012
A,ATO26,DEP_ESER,3,20,1999
A,ATO26,DEP_ESER,3,23,2005
A,ATO26,DEP_ESER,3,24,2008
A,ATO26,DEP_ESER,3,12,2012
A,ATO26,DEP_ESER,9,106,1999
A,ATO26,DEP_ESER,9,120,2005
A,ATO26,DEP_ESER,9,105,2008
A,ATO26,DEP_ESER,9,112,2012
A,ATO27,AES_EFF,1,1572,1999
A,ATO27,AES_EFF,1,1572,2005
A,ATO27,AES_EFF,1,4093,2008
A,ATO27,AES_EFF,1,2663,2012
A,ATO27,AES_EFF,2,957,1999
A,ATO27,AES_EFF,2,1484,2005
A,ATO27,AES_EFF,2,1134,2008
A,ATO27,AES_EFF,3,2144282,1999
A,ATO27,AES_EFF,3,2147282,2005
A,ATO27,AES_EFF,3,2155124,2008
A,ATO27,AES_EFF,3,1453767,2012
A,ATO27,AES_EFF,9,2146811,1999
A,ATO27,AES_EFF,9,2150338,2005
A,ATO27,AES_EFF,9,2160351,2008
A,ATO27,AES_EFF,9,1456430,2012
A,ATO27,DEP_ESER,1,22,1999
A,ATO27,DEP_ESER,1,22,2005
A,ATO27,DEP_ESER,1,37,2008
A,ATO27,DEP_ESER,1,38,2012
A,ATO27,DEP_ESER,2,5,1999
A,ATO27,DEP_ESER,2,6,2005
A,ATO27,DEP_ESER,2,5,2008
A,ATO27,DEP_ESER,3,5,1999
A,ATO27,DEP_ESER,3,5,2005
A,ATO27,DEP_ESER,3,5,2008
A,ATO27,DEP_ESER,3,10,2012
A,ATO27,DEP_ESER,9,32,1999
A,ATO27,DEP_ESER,9,33,2005
A,ATO27,DEP_ESER,9,47,2008
A,ATO27,DEP_ESER,9,48,2012
A,ATO28,AES_EFF,1,44862,1999
A,ATO28,AES_EFF,1,47092,2005
A,ATO28,AES_EFF,1,8665,2008
A,ATO28,AES_EFF,1,8210,2012
A,ATO28,AES_EFF,2,46481,1999
A,ATO28,AES_EFF,2,52816,2005
A,ATO28,AES_EFF,2,63960,2008
A,ATO28,AES_EFF,2,90530,2012
A,ATO28,AES_EFF,3,478586,1999
A,ATO28,AES_EFF,3,582129,2005
A,ATO28,AES_EFF,3,612581,2008
A,ATO28,AES_EFF,3,468662,2012
A,ATO28,AES_EFF,9,569929,1999
A,ATO28,AES_EFF,9,682037,2005
A,ATO28,AES_EFF,9,685205,2008
A,ATO28,AES_EFF,9,567402,2012
A,ATO28,DEP_ESER,1,22,1999
A,ATO28,DEP_ESER,1,34,2005
A,ATO28,DEP_ESER,1,41,2008
A,ATO28,DEP_ESER,1,63,2012
A,ATO28,DEP_ESER,2,41,1999
A,ATO28,DEP_ESER,2,48,2005
A,ATO28,DEP_ESER,2,48,2008
A,ATO28,DEP_ESER,2,68,2012
A,ATO28,DEP_ESER,3,39,1999
A,ATO28,DEP_ESER,3,48,2005
A,ATO28,DEP_ESER,3,55,2008
A,ATO28,DEP_ESER,3,59,2012
A,ATO28,DEP_ESER,9,102,1999
A,ATO28,DEP_ESER,9,130,2005
A,ATO28,DEP_ESER,9,144,2008
A,ATO28,DEP_ESER,9,190,2012
A,ATO29,AES_EFF,1,13992,1999
A,ATO29,AES_EFF,1,18597,2005
A,ATO29,AES_EFF,1,22632,2008
A,ATO29,AES_EFF,1,37923,2012
A,ATO29,AES_EFF,2,25702,1999
A,ATO29,AES_EFF,2,30564,2005
A,ATO29,AES_EFF,2,38285,2008
A,ATO29,AES_EFF,2,55367,2012
A,ATO29,AES_EFF,3,840434,1999
A,ATO29,AES_EFF,3,845884,2005
A,ATO29,AES_EFF,3,890943,2008
A,ATO29,AES_EFF,3,982836,2012
A,ATO29,AES_EFF,9,880128,1999
A,ATO29,AES_EFF,9,895045,2005
A,ATO29,AES_EFF,9,951860,2008
A,ATO29,AES_EFF,9,1076126,2012
A,ATO29,DEP_ESER,1,56,1999
A,ATO29,DEP_ESER,1,76,2005
A,ATO29,DEP_ESER,1,89,2008
A,ATO29,DEP_ESER,1,120,2012
A,ATO29,DEP_ESER,2,28,1999
A,ATO29,DEP_ESER,2,29,2005
A,ATO29,DEP_ESER,2,36,2008
A,ATO29,DEP_ESER,2,34,2012
A,ATO29,DEP_ESER,3,41,1999
A,ATO29,DEP_ESER,3,43,2005
A,ATO29,DEP_ESER,3,48,2008
A,ATO29,DEP_ESER,3,47,2012
A,ATO29,DEP_ESER,9,125,1999
A,ATO29,DEP_ESER,9,148,2005
A,ATO29,DEP_ESER,9,173,2008
A,ATO29,DEP_ESER,9,201,2012
A,ATO3,AES_EFF,1,44835,1999
A,ATO3,AES_EFF,1,59245,2005
A,ATO3,AES_EFF,1,50865,2008
A,ATO3,AES_EFF,1,59128,2012
A,ATO3,AES_EFF,2,378777,1999
A,ATO3,AES_EFF,2,442936,2005
A,ATO3,AES_EFF,2,549991,2008
A,ATO3,AES_EFF,2,699574,2012
A,ATO3,AES_EFF,3,3041783,1999
A,ATO3,AES_EFF,3,3046583,2005
A,ATO3,AES_EFF,3,3046446,2008
A,ATO3,AES_EFF,3,2616345,2012
A,ATO3,AES_EFF,9,3465395,1999
A,ATO3,AES_EFF,9,3548764,2005
A,ATO3,AES_EFF,9,3647302,2008
A,ATO3,AES_EFF,9,3375047,2012
A,ATO3,DEP_ESER,1,93,1999
A,ATO3,DEP_ESER,1,151,2005
A,ATO3,DEP_ESER,1,216,2008
A,ATO3,DEP_ESER,1,262,2012
A,ATO3,DEP_ESER,2,137,1999
A,ATO3,DEP_ESER,2,202,2005
A,ATO3,DEP_ESER,2,258,2008
A,ATO3,DEP_ESER,2,291,2012
A,ATO3,DEP_ESER,3,8,1999
A,ATO3,DEP_ESER,3,8,2005
A,ATO3,DEP_ESER,3,8,2008
A,ATO3,DEP_ESER,3,8,2012
A,ATO3,DEP_ESER,9,238,1999
A,ATO3,DEP_ESER,9,361,2005
A,ATO3,DEP_ESER,9,482,2008
A,ATO3,DEP_ESER,9,561,2012
A,ATO30,AES_EFF,1,41158,1999
A,ATO30,AES_EFF,1,51766,2005
A,ATO30,AES_EFF,1,64933,2008
A,ATO30,AES_EFF,1,105218,2012
A,ATO30,AES_EFF,2,194626,1999
A,ATO30,AES_EFF,2,208533,2005
A,ATO30,AES_EFF,2,229913,2008
A,ATO30,AES_EFF,2,432655,2012
A,ATO30,AES_EFF,3,844189,1999
A,ATO30,AES_EFF,3,866429,2005
A,ATO30,AES_EFF,3,866243,2008
A,ATO30,AES_EFF,3,630624,2012
A,ATO30,AES_EFF,9,1079973,1999
A,ATO30,AES_EFF,9,1126728,2005
A,ATO30,AES_EFF,9,1161089,2008
A,ATO30,AES_EFF,9,1168497,2012
A,ATO30,DEP_ESER,1,225,1999
A,ATO30,DEP_ESER,1,288,2005
A,ATO30,DEP_ESER,1,325,2008
A,ATO30,DEP_ESER,1,380,2012
A,ATO30,DEP_ESER,2,174,1999
A,ATO30,DEP_ESER,2,189,2005
A,ATO30,DEP_ESER,2,201,2008
A,ATO30,DEP_ESER,2,208,2012
A,ATO30,DEP_ESER,3,20,1999
A,ATO30,DEP_ESER,3,21,2005
A,ATO30,DEP_ESER,3,20,2008
A,ATO30,DEP_ESER,3,22,2012
A,ATO30,DEP_ESER,9,419,1999
A,ATO30,DEP_ESER,9,498,2005
A,ATO30,DEP_ESER,9,546,2008
A,ATO30,DEP_ESER,9,607,2012
A,ATO31,AES_EFF,1,5416,1999
A,ATO31,AES_EFF,1,7288,2005
A,ATO31,AES_EFF,1,9193,2008
A,ATO31,AES_EFF,1,10066,2012
A,ATO31,AES_EFF,2,31107,1999
A,ATO31,AES_EFF,2,39147,2005
A,ATO31,AES_EFF,2,62495,2008
A,ATO31,AES_EFF,2,43939,2012
A,ATO31,AES_EFF,3,64750,1999
A,ATO31,AES_EFF,3,75650,2005
A,ATO31,AES_EFF,3,78700,2008
A,ATO31,AES_EFF,3,98885,2012
A,ATO31,AES_EFF,9,101273,1999
A,ATO31,AES_EFF,9,122085,2005
A,ATO31,AES_EFF,9,150388,2008
A,ATO31,AES_EFF,9,152890,2012
A,ATO31,DEP_ESER,1,35,1999
A,ATO31,DEP_ESER,1,40,2005
A,ATO31,DEP_ESER,1,49,2008
A,ATO31,DEP_ESER,1,60,2012
A,ATO31,DEP_ESER,2,23,1999
A,ATO31,DEP_ESER,2,32,2005
A,ATO31,DEP_ESER,2,37,2008
A,ATO31,DEP_ESER,2,55,2012
A,ATO31,DEP_ESER,3,10,1999
A,ATO31,DEP_ESER,3,11,2005
A,ATO31,DEP_ESER,3,16,2008
A,ATO31,DEP_ESER,3,21,2012
A,ATO31,DEP_ESER,9,68,1999
A,ATO31,DEP_ESER,9,83,2005
A,ATO31,DEP_ESER,9,102,2008
A,ATO31,DEP_ESER,9,136,2012
A,ATO32,AES_EFF,1,40000,1999
A,ATO32,AES_EFF,1,40000,2005
A,ATO32,AES_EFF,1,41988,2008
A,ATO32,AES_EFF,1,2166,2012
A,ATO32,AES_EFF,2,5352,1999
A,ATO32,AES_EFF,2,6552,2005
A,ATO32,AES_EFF,2,21161,2008
A,ATO32,AES_EFF,2,105104,2012
A,ATO32,AES_EFF,3,93228,1999
A,ATO32,AES_EFF,3,103250,2005
A,ATO32,AES_EFF,3,103163,2008
A,ATO32,AES_EFF,9,138580,1999
A,ATO32,AES_EFF,9,149802,2005
A,ATO32,AES_EFF,9,166312,2008
A,ATO32,AES_EFF,9,107270,2012
A,ATO32,DEP_ESER,1,1,1999
A,ATO32,DEP_ESER,1,1,2005
A,ATO32,DEP_ESER,1,7,2008
A,ATO32,DEP_ESER,1,5,2012
A,ATO32,DEP_ESER,2,2,1999
A,ATO32,DEP_ESER,2,2,2005
A,ATO32,DEP_ESER,2,4,2008
A,ATO32,DEP_ESER,2,11,2012
A,ATO32,DEP_ESER,3,5,1999
A,ATO32,DEP_ESER,3,5,2005
A,ATO32,DEP_ESER,3,5,2008
A,ATO32,DEP_ESER,9,8,1999
A,ATO32,DEP_ESER,9,8,2005
A,ATO32,DEP_ESER,9,16,2008
A,ATO32,DEP_ESER,9,16,2012
A,ATO33,AES_EFF,1,20,1999
A,ATO33,AES_EFF,1,620,2005
A,ATO33,AES_EFF,1,620,2008
A,ATO33,AES_EFF,1,2580,2012
A,ATO33,AES_EFF,2,3525,1999
A,ATO33,AES_EFF,2,2825,2005
A,ATO33,AES_EFF,2,2825,2008
A,ATO33,AES_EFF,2,6430,2012
A,ATO33,AES_EFF,3,212100,1999
A,ATO33,AES_EFF,3,234100,2005
A,ATO33,AES_EFF,3,255100,2008
A,ATO33,AES_EFF,3,180000,2012
A,ATO33,AES_EFF,9,215645,1999
A,ATO33,AES_EFF,9,237545,2005
A,ATO33,AES_EFF,9,258545,2008
A,ATO33,AES_EFF,9,189010,2012
A,ATO33,DEP_ESER,1,1,1999
A,ATO33,DEP_ESER,1,3,2005
A,ATO33,DEP_ESER,1,3,2008
A,ATO33,DEP_ESER,1,4,2012
A,ATO33,DEP_ESER,2,3,1999
A,ATO33,DEP_ESER,2,3,2005
A,ATO33,DEP_ESER,2,3,2008
A,ATO33,DEP_ESER,2,5,2012
A,ATO33,DEP_ESER,3,4,1999
A,ATO33,DEP_ESER,3,5,2005
A,ATO33,DEP_ESER,3,5,2008
A,ATO33,DEP_ESER,3,3,2012
A,ATO33,DEP_ESER,9,8,1999
A,ATO33,DEP_ESER,9,11,2005
A,ATO33,DEP_ESER,9,11,2008
A,ATO33,DEP_ESER,9,12,2012
A,ATO34,AES_EFF,1,71025,1999
A,ATO34,AES_EFF,1,102369,2005
A,ATO34,AES_EFF,1,139183,2008
A,ATO34,AES_EFF,1,249247,2012
A,ATO34,AES_EFF,2,727147,1999
A,ATO34,AES_EFF,2,934672,2005
A,ATO34,AES_EFF,2,957970,2008
A,ATO34,AES_EFF,2,1113277,2012
A,ATO34,AES_EFF,3,54400,1999
A,ATO34,AES_EFF,3,54400,2005
A,ATO34,AES_EFF,3,55604,2008
A,ATO34,AES_EFF,3,33860,2012
A,ATO34,AES_EFF,9,852572,1999
A,ATO34,AES_EFF,9,1091441,2005
A,ATO34,AES_EFF,9,1152757,2008
A,ATO34,AES_EFF,9,1396384,2012
A,ATO34,DEP_ESER,1,103,1999
A,ATO34,DEP_ESER,1,110,2005
A,ATO34,DEP_ESER,1,218,2008
A,ATO34,DEP_ESER,1,267,2012
A,ATO34,DEP_ESER,2,28,1999
A,ATO34,DEP_ESER,2,32,2005
A,ATO34,DEP_ESER,2,48,2008
A,ATO34,DEP_ESER,2,48,2012
A,ATO34,DEP_ESER,3,3,1999
A,ATO34,DEP_ESER,3,3,2005
A,ATO34,DEP_ESER,3,4,2008
A,ATO34,DEP_ESER,3,3,2012
A,ATO34,DEP_ESER,9,134,1999
A,ATO34,DEP_ESER,9,145,2005
A,ATO34,DEP_ESER,9,270,2008
A,ATO34,DEP_ESER,9,318,2012
A,ATO35,AES_EFF,1,39663,1999
A,ATO35,AES_EFF,1,40043,2005
A,ATO35,AES_EFF,1,43508,2008
A,ATO35,AES_EFF,1,48616,2012
A,ATO35,AES_EFF,2,27602,1999
A,ATO35,AES_EFF,2,92543,2005
A,ATO35,AES_EFF,2,92882,2008
A,ATO35,AES_EFF,2,62500,2012
A,ATO35,AES_EFF,3,128328,1999
A,ATO35,AES_EFF,3,128348,2005
A,ATO35,AES_EFF,3,140740,2008
A,ATO35,AES_EFF,3,139600,2012
A,ATO35,AES_EFF,9,195593,1999
A,ATO35,AES_EFF,9,260934,2005
A,ATO35,AES_EFF,9,277129,2008
A,ATO35,AES_EFF,9,250716,2012
A,ATO35,DEP_ESER,1,79,1999
A,ATO35,DEP_ESER,1,83,2005
A,ATO35,DEP_ESER,1,89,2008
A,ATO35,DEP_ESER,1,117,2012
A,ATO35,DEP_ESER,2,21,1999
A,ATO35,DEP_ESER,2,22,2005
A,ATO35,DEP_ESER,2,22,2008
A,ATO35,DEP_ESER,2,5,2012
A,ATO35,DEP_ESER,3,7,1999
A,ATO35,DEP_ESER,3,7,2005
A,ATO35,DEP_ESER,3,8,2008
A,ATO35,DEP_ESER,3,7,2012
A,ATO35,DEP_ESER,9,107,1999
A,ATO35,DEP_ESER,9,112,2005
A,ATO35,DEP_ESER,9,119,2008
A,ATO35,DEP_ESER,9,129,2012
A,ATO36,AES_EFF,1,47553,1999
A,ATO36,AES_EFF,1,53638,2005
A,ATO36,AES_EFF,1,59152,2008
A,ATO36,AES_EFF,1,68962,2012
A,ATO36,AES_EFF,2,15705,1999
A,ATO36,AES_EFF,2,16505,2005
A,ATO36,AES_EFF,2,19022,2008
A,ATO36,AES_EFF,2,55554,2012
A,ATO36,AES_EFF,3,142651,1999
A,ATO36,AES_EFF,3,147094,2005
A,ATO36,AES_EFF,3,147420,2008
A,ATO36,AES_EFF,3,118438,2012
A,ATO36,AES_EFF,9,205910,1999
A,ATO36,AES_EFF,9,217237,2005
A,ATO36,AES_EFF,9,225594,2008
A,ATO36,AES_EFF,9,242954,2012
A,ATO36,DEP_ESER,1,139,1999
A,ATO36,DEP_ESER,1,148,2005
A,ATO36,DEP_ESER,1,186,2008
A,ATO36,DEP_ESER,1,208,2012
A,ATO36,DEP_ESER,2,31,1999
A,ATO36,DEP_ESER,2,33,2005
A,ATO36,DEP_ESER,2,35,2008
A,ATO36,DEP_ESER,2,35,2012
A,ATO36,DEP_ESER,3,8,1999
A,ATO36,DEP_ESER,3,8,2005
A,ATO36,DEP_ESER,3,8,2008
A,ATO36,DEP_ESER,3,3,2012
A,ATO36,DEP_ESER,9,178,1999
A,ATO36,DEP_ESER,9,189,2005
A,ATO36,DEP_ESER,9,229,2008
A,ATO36,DEP_ESER,9,246,2012
A,ATO37,AES_EFF,1,105080,1999
A,ATO37,AES_EFF,1,107904,2005
A,ATO37,AES_EFF,1,122582,2008
A,ATO37,AES_EFF,1,103099,2012
A,ATO37,AES_EFF,2,113135,1999
A,ATO37,AES_EFF,2,112335,2005
A,ATO37,AES_EFF,2,112344,2008
A,ATO37,AES_EFF,2,492226,2012
A,ATO37,AES_EFF,3,351570,1999
A,ATO37,AES_EFF,3,351570,2005
A,ATO37,AES_EFF,3,354575,2008
A,ATO37,AES_EFF,3,100080,2012
A,ATO37,AES_EFF,9,569785,1999
A,ATO37,AES_EFF,9,571809,2005
A,ATO37,AES_EFF,9,589501,2008
A,ATO37,AES_EFF,9,695405,2012
A,ATO37,DEP_ESER,1,98,1999
A,ATO37,DEP_ESER,1,103,2005
A,ATO37,DEP_ESER,1,109,2008
A,ATO37,DEP_ESER,1,123,2012
A,ATO37,DEP_ESER,2,14,1999
A,ATO37,DEP_ESER,2,14,2005
A,ATO37,DEP_ESER,2,14,2008
A,ATO37,DEP_ESER,2,22,2012
A,ATO37,DEP_ESER,3,8,1999
A,ATO37,DEP_ESER,3,8,2005
A,ATO37,DEP_ESER,3,10,2008
A,ATO37,DEP_ESER,3,3,2012
A,ATO37,DEP_ESER,9,120,1999
A,ATO37,DEP_ESER,9,125,2005
A,ATO37,DEP_ESER,9,133,2008
A,ATO37,DEP_ESER,9,148,2012
A,ATO4,AES_EFF,1,51768,1999
A,ATO4,AES_EFF,1,52723,2005
A,ATO4,AES_EFF,1,78948,2008
A,ATO4,AES_EFF,1,100484,2012
A,ATO4,AES_EFF,2,221902,1999
A,ATO4,AES_EFF,2,231056,2005
A,ATO4,AES_EFF,2,314857,2008
A,ATO4,AES_EFF,2,468261,2012
A,ATO4,AES_EFF,3,337993,1999
A,ATO4,AES_EFF,3,337993,2005
A,ATO4,AES_EFF,3,486183,2008
A,ATO4,AES_EFF,3,278357,2012
A,ATO4,AES_EFF,9,611663,1999
A,ATO4,AES_EFF,9,621772,2005
A,ATO4,AES_EFF,9,879988,2008
A,ATO4,AES_EFF,9,847102,2012
A,ATO4,DEP_ESER,1,447,1999
A,ATO4,DEP_ESER,1,464,2005
A,ATO4,DEP_ESER,1,584,2008
A,ATO4,DEP_ESER,1,756,2012
A,ATO4,DEP_ESER,2,144,1999
A,ATO4,DEP_ESER,2,151,2005
A,ATO4,DEP_ESER,2,187,2008
A,ATO4,DEP_ESER,2,195,2012
A,ATO4,DEP_ESER,3,4,1999
A,ATO4,DEP_ESER,3,4,2005
A,ATO4,DEP_ESER,3,11,2008
A,ATO4,DEP_ESER,3,15,2012
A,ATO4,DEP_ESER,9,595,1999
A,ATO4,DEP_ESER,9,619,2005
A,ATO4,DEP_ESER,9,782,2008
A,ATO4,DEP_ESER,9,966,2012
A,ATO5,AES_EFF,1,28555,1999
A,ATO5,AES_EFF,1,33326,2005
A,ATO5,AES_EFF,1,33845,2008
A,ATO5,AES_EFF,1,33523,2012
A,ATO5,AES_EFF,2,169316,1999
A,ATO5,AES_EFF,2,185241,2005
A,ATO5,AES_EFF,2,196338,2008
A,ATO5,AES_EFF,2,122459,2012
A,ATO5,AES_EFF,3,15775,1999
A,ATO5,AES_EFF,3,15775,2005
A,ATO5,AES_EFF,3,15775,2008
A,ATO5,AES_EFF,3,98879,2012
A,ATO5,AES_EFF,9,213646,1999
A,ATO5,AES_EFF,9,234342,2005
A,ATO5,AES_EFF,9,245959,2008
A,ATO5,AES_EFF,9,254861,2012
A,ATO5,DEP_ESER,1,276,1999
A,ATO5,DEP_ESER,1,361,2005
A,ATO5,DEP_ESER,1,437,2008
A,ATO5,DEP_ESER,1,453,2012
A,ATO5,DEP_ESER,2,261,1999
A,ATO5,DEP_ESER,2,359,2005
A,ATO5,DEP_ESER,2,397,2008
A,ATO5,DEP_ESER,2,477,2012
A,ATO5,DEP_ESER,3,2,1999
A,ATO5,DEP_ESER,3,2,2005
A,ATO5,DEP_ESER,3,2,2008
A,ATO5,DEP_ESER,3,5,2012
A,ATO5,DEP_ESER,9,539,1999
A,ATO5,DEP_ESER,9,722,2005
A,ATO5,DEP_ESER,9,836,2008
A,ATO5,DEP_ESER,9,935,2012
A,ATO53,AES_EFF,1,1249,2005
A,ATO53,AES_EFF,1,1249,2008
A,ATO53,AES_EFF,1,1674,2012
A,ATO53,AES_EFF,2,7604,1999
A,ATO53,AES_EFF,2,8852,2005
A,ATO53,AES_EFF,2,26129,2008
A,ATO53,AES_EFF,2,27647,2012
A,ATO53,AES_EFF,3,55000,1999
A,ATO53,AES_EFF,3,110353,2005
A,ATO53,AES_EFF,3,110353,2008
A,ATO53,AES_EFF,3,129660,2012
A,ATO53,AES_EFF,9,62604,1999
A,ATO53,AES_EFF,9,120454,2005
A,ATO53,AES_EFF,9,137731,2008
A,ATO53,AES_EFF,9,158981,2012
A,ATO53,DEP_ESER,1,13,2005
A,ATO53,DEP_ESER,1,13,2008
A,ATO53,DEP_ESER,1,19,2012
A,ATO53,DEP_ESER,2,7,1999
A,ATO53,DEP_ESER,2,12,2005
A,ATO53,DEP_ESER,2,13,2008
A,ATO53,DEP_ESER,2,14,2012
A,ATO53,DEP_ESER,3,2,1999
A,ATO53,DEP_ESER,3,6,2005
A,ATO53,DEP_ESER,3,6,2008
A,ATO53,DEP_ESER,3,6,2012
A,ATO53,DEP_ESER,9,9,1999
A,ATO53,DEP_ESER,9,31,2005
A,ATO53,DEP_ESER,9,32,2008
A,ATO53,DEP_ESER,9,39,2012
A,ATO54,AES_EFF,1,7847,1999
A,ATO54,AES_EFF,1,12822,2005
A,ATO54,AES_EFF,1,12912,2008
A,ATO54,AES_EFF,1,19702,2012
A,ATO54,AES_EFF,2,35086,1999
A,ATO54,AES_EFF,2,44451,2005
A,ATO54,AES_EFF,2,44547,2008
A,ATO54,AES_EFF,2,75979,2012
A,ATO54,AES_EFF,3,178556,1999
A,ATO54,AES_EFF,3,195167,2005
A,ATO54,AES_EFF,3,200526,2008
A,ATO54,AES_EFF,3,213675,2012
A,ATO54,AES_EFF,9,221489,1999
A,ATO54,AES_EFF,9,252440,2005
A,ATO54,AES_EFF,9,257985,2008
A,ATO54,AES_EFF,9,309356,2012
A,ATO54,DEP_ESER,1,86,1999
A,ATO54,DEP_ESER,1,160,2005
A,ATO54,DEP_ESER,1,160,2008
A,ATO54,DEP_ESER,1,189,2012
A,ATO54,DEP_ESER,2,76,1999
A,ATO54,DEP_ESER,2,99,2005
A,ATO54,DEP_ESER,2,99,2008
A,ATO54,DEP_ESER,2,110,2012
A,ATO54,DEP_ESER,3,9,1999
A,ATO54,DEP_ESER,3,16,2005
A,ATO54,DEP_ESER,3,16,2008
A,ATO54,DEP_ESER,3,12,2012
A,ATO54,DEP_ESER,9,171,1999
A,ATO54,DEP_ESER,9,275,2005
A,ATO54,DEP_ESER,9,275,2008
A,ATO54,DEP_ESER,9,311,2012
A,ATO55,AES_EFF,1,8577,1999
A,ATO55,AES_EFF,1,26373,2005
A,ATO55,AES_EFF,1,26508,2008
A,ATO55,AES_EFF,1,37616,2012
A,ATO55,AES_EFF,2,10947,1999
A,ATO55,AES_EFF,2,20961,2005
A,ATO55,AES_EFF,2,20896,2008
A,ATO55,AES_EFF,2,47781,2012
A,ATO55,AES_EFF,3,112398,1999
A,ATO55,AES_EFF,3,179525,2005
A,ATO55,AES_EFF,3,179525,2008
A,ATO55,AES_EFF,3,125048,2012
A,ATO55,AES_EFF,9,131922,1999
A,ATO55,AES_EFF,9,226859,2005
A,ATO55,AES_EFF,9,226929,2008
A,ATO55,AES_EFF,9,210445,2012
A,ATO55,DEP_ESER,1,52,1999
A,ATO55,DEP_ESER,1,184,2005
A,ATO55,DEP_ESER,1,184,2008
A,ATO55,DEP_ESER,1,324,2012
A,ATO55,DEP_ESER,2,29,1999
A,ATO55,DEP_ESER,2,72,2005
A,ATO55,DEP_ESER,2,71,2008
A,ATO55,DEP_ESER,2,85,2012
A,ATO55,DEP_ESER,3,4,1999
A,ATO55,DEP_ESER,3,13,2005
A,ATO55,DEP_ESER,3,13,2008
A,ATO55,DEP_ESER,3,7,2012
A,ATO55,DEP_ESER,9,85,1999
A,ATO55,DEP_ESER,9,269,2005
A,ATO55,DEP_ESER,9,268,2008
A,ATO55,DEP_ESER,9,416,2012
A,ATO56,AES_EFF,1,5570,1999
A,ATO56,AES_EFF,1,5830,2005
A,ATO56,AES_EFF,1,8830,2008
A,ATO56,AES_EFF,1,8296,2012
A,ATO56,AES_EFF,2,173890,1999
A,ATO56,AES_EFF,2,187849,2005
A,ATO56,AES_EFF,2,190424,2008
A,ATO56,AES_EFF,2,103308,2012
A,ATO56,AES_EFF,3,80673,1999
A,ATO56,AES_EFF,3,90521,2005
A,ATO56,AES_EFF,3,90753,2008
A,ATO56,AES_EFF,3,185339,2012
A,ATO56,AES_EFF,9,260133,1999
A,ATO56,AES_EFF,9,284200,2005
A,ATO56,AES_EFF,9,290007,2008
A,ATO56,AES_EFF,9,296943,2012
A,ATO56,DEP_ESER,1,20,1999
A,ATO56,DEP_ESER,1,23,2005
A,ATO56,DEP_ESER,1,21,2008
A,ATO56,DEP_ESER,1,129,2012
A,ATO56,DEP_ESER,2,76,1999
A,ATO56,DEP_ESER,2,80,2005
A,ATO56,DEP_ESER,2,81,2008
A,ATO56,DEP_ESER,2,95,2012
A,ATO56,DEP_ESER,3,8,1999
A,ATO56,DEP_ESER,3,11,2005
A,ATO56,DEP_ESER,3,13,2008
A,ATO56,DEP_ESER,3,14,2012
A,ATO56,DEP_ESER,9,104,1999
A,ATO56,DEP_ESER,9,114,2005
A,ATO56,DEP_ESER,9,115,2008
A,ATO56,DEP_ESER,9,238,2012
A,ATO57,AES_EFF,1,15360,1999
A,ATO57,AES_EFF,1,15660,2005
A,ATO57,AES_EFF,1,16660,2008
A,ATO57,AES_EFF,1,90,2012
A,ATO57,AES_EFF,2,46580,1999
A,ATO57,AES_EFF,2,57244,2005
A,ATO57,AES_EFF,2,59398,2008
A,ATO57,AES_EFF,2,99145,2012
A,ATO57,AES_EFF,3,248518,1999
A,ATO57,AES_EFF,3,263366,2005
A,ATO57,AES_EFF,3,263366,2008
A,ATO57,AES_EFF,3,192588,2012
A,ATO57,AES_EFF,9,310458,1999
A,ATO57,AES_EFF,9,336270,2005
A,ATO57,AES_EFF,9,339424,2008
A,ATO57,AES_EFF,9,291823,2012
A,ATO57,DEP_ESER,1,13,1999
A,ATO57,DEP_ESER,1,14,2005
A,ATO57,DEP_ESER,1,15,2008
A,ATO57,DEP_ESER,1,13,2012
A,ATO57,DEP_ESER,2,27,1999
A,ATO57,DEP_ESER,2,34,2005
A,ATO57,DEP_ESER,2,33,2008
A,ATO57,DEP_ESER,2,44,2012
A,ATO57,DEP_ESER,3,6,1999
A,ATO57,DEP_ESER,3,7,2005
A,ATO57,DEP_ESER,3,7,2008
A,ATO57,DEP_ESER,3,4,2012
A,ATO57,DEP_ESER,9,46,1999
A,ATO57,DEP_ESER,9,55,2005
A,ATO57,DEP_ESER,9,55,2008
A,ATO57,DEP_ESER,9,61,2012
A,ATO58,AES_EFF,1,3797,1999
A,ATO58,AES_EFF,1,4188,2005
A,ATO58,AES_EFF,1,13910,2008
A,ATO58,AES_EFF,1,17061,2012
A,ATO58,AES_EFF,2,30261,1999
A,ATO58,AES_EFF,2,64073,2005
A,ATO58,AES_EFF,2,101208,2008
A,ATO58,AES_EFF,2,61111,2012
A,ATO58,AES_EFF,3,158294,1999
A,ATO58,AES_EFF,3,201303,2005
A,ATO58,AES_EFF,3,218869,2008
A,ATO58,AES_EFF,3,228033,2012
A,ATO58,AES_EFF,9,192352,1999
A,ATO58,AES_EFF,9,269564,2005
A,ATO58,AES_EFF,9,333987,2008
A,ATO58,AES_EFF,9,306205,2012
A,ATO58,DEP_ESER,1,25,1999
A,ATO58,DEP_ESER,1,25,2005
A,ATO58,DEP_ESER,1,80,2008
A,ATO58,DEP_ESER,1,96,2012
A,ATO58,DEP_ESER,2,11,1999
A,ATO58,DEP_ESER,2,12,2005
A,ATO58,DEP_ESER,2,44,2008
A,ATO58,DEP_ESER,2,40,2012
A,ATO58,DEP_ESER,3,8,1999
A,ATO58,DEP_ESER,3,10,2005
A,ATO58,DEP_ESER,3,15,2008
A,ATO58,DEP_ESER,3,21,2012
A,ATO58,DEP_ESER,9,44,1999
A,ATO58,DEP_ESER,9,47,2005
A,ATO58,DEP_ESER,9,139,2008
A,ATO58,DEP_ESER,9,157,2012
A,ATO59,AES_EFF,1,2060,1999
A,ATO59,AES_EFF,1,5451,2005
A,ATO59,AES_EFF,1,6768,2008
A,ATO59,AES_EFF,1,5845,2012
A,ATO59,AES_EFF,2,9055,1999
A,ATO59,AES_EFF,2,22273,2005
A,ATO59,AES_EFF,2,32412,2008
A,ATO59,AES_EFF,2,88946,2012
A,ATO59,AES_EFF,3,46885,1999
A,ATO59,AES_EFF,3,51885,2005
A,ATO59,AES_EFF,3,52085,2008
A,ATO59,AES_EFF,9,58000,1999
A,ATO59,AES_EFF,9,79609,2005
A,ATO59,AES_EFF,9,91265,2008
A,ATO59,AES_EFF,9,94791,2012
A,ATO59,DEP_ESER,1,5,1999
A,ATO59,DEP_ESER,1,22,2005
A,ATO59,DEP_ESER,1,22,2008
A,ATO59,DEP_ESER,1,17,2012
A,ATO59,DEP_ESER,2,11,1999
A,ATO59,DEP_ESER,2,25,2005
A,ATO59,DEP_ESER,2,28,2008
A,ATO59,DEP_ESER,2,39,2012
A,ATO59,DEP_ESER,3,1,1999
A,ATO59,DEP_ESER,3,2,2005
A,ATO59,DEP_ESER,3,2,2008
A,ATO59,DEP_ESER,9,17,1999
A,ATO59,DEP_ESER,9,49,2005
A,ATO59,DEP_ESER,9,52,2008
A,ATO59,DEP_ESER,9,56,2012
A,ATO6,AES_EFF,1,36141,1999
A,ATO6,AES_EFF,1,41670,2005
A,ATO6,AES_EFF,1,58606,2008
A,ATO6,AES_EFF,1,74239,2012
A,ATO6,AES_EFF,2,152183,1999
A,ATO6,AES_EFF,2,164796,2005
A,ATO6,AES_EFF,2,166962,2008
A,ATO6,AES_EFF,2,197359,2012
A,ATO6,AES_EFF,3,267050,1999
A,ATO6,AES_EFF,3,267207,2005
A,ATO6,AES_EFF,3,267628,2008
A,ATO6,AES_EFF,3,215869,2012
A,ATO6,AES_EFF,9,455374,1999
A,ATO6,AES_EFF,9,473673,2005
A,ATO6,AES_EFF,9,493196,2008
A,ATO6,AES_EFF,9,487467,2012
A,ATO6,DEP_ESER,1,387,1999
A,ATO6,DEP_ESER,1,470,2005
A,ATO6,DEP_ESER,1,524,2008
A,ATO6,DEP_ESER,1,703,2012
A,ATO6,DEP_ESER,2,38,1999
A,ATO6,DEP_ESER,2,47,2005
A,ATO6,DEP_ESER,2,50,2008
A,ATO6,DEP_ESER,2,88,2012
A,ATO6,DEP_ESER,3,13,1999
A,ATO6,DEP_ESER,3,14,2005
A,ATO6,DEP_ESER,3,16,2008
A,ATO6,DEP_ESER,3,11,2012
A,ATO6,DEP_ESER,9,438,1999
A,ATO6,DEP_ESER,9,531,2005
A,ATO6,DEP_ESER,9,590,2008
A,ATO6,DEP_ESER,9,802,2012
A,ATO60,AES_EFF,1,8008,1999
A,ATO60,AES_EFF,1,14252,2005
A,ATO60,AES_EFF,1,33013,2008
A,ATO60,AES_EFF,1,13335,2012
A,ATO60,AES_EFF,2,150049,1999
A,ATO60,AES_EFF,2,177285,2005
A,ATO60,AES_EFF,2,201476,2008
A,ATO60,AES_EFF,2,110012,2012
A,ATO60,AES_EFF,3,212219,1999
A,ATO60,AES_EFF,3,212219,2005
A,ATO60,AES_EFF,3,212484,2008
A,ATO60,AES_EFF,3,292058,2012
A,ATO60,AES_EFF,9,370276,1999
A,ATO60,AES_EFF,9,403756,2005
A,ATO60,AES_EFF,9,446973,2008
A,ATO60,AES_EFF,9,415405,2012
A,ATO60,DEP_ESER,1,84,1999
A,ATO60,DEP_ESER,1,87,2005
A,ATO60,DEP_ESER,1,253,2008
A,ATO60,DEP_ESER,1,255,2012
A,ATO60,DEP_ESER,2,46,1999
A,ATO60,DEP_ESER,2,49,2005
A,ATO60,DEP_ESER,2,123,2008
A,ATO60,DEP_ESER,2,135,2012
A,ATO60,DEP_ESER,3,5,1999
A,ATO60,DEP_ESER,3,5,2005
A,ATO60,DEP_ESER,3,5,2008
A,ATO60,DEP_ESER,3,28,2012
A,ATO60,DEP_ESER,9,135,1999
A,ATO60,DEP_ESER,9,141,2005
A,ATO60,DEP_ESER,9,381,2008
A,ATO60,DEP_ESER,9,418,2012
A,ATO61,AES_EFF,1,1840,1999
A,ATO61,AES_EFF,1,6160,2005
A,ATO61,AES_EFF,1,24660,2008
A,ATO61,AES_EFF,1,66009,2012
A,ATO61,AES_EFF,2,187745,1999
A,ATO61,AES_EFF,2,194875,2005
A,ATO61,AES_EFF,2,207440,2008
A,ATO61,AES_EFF,2,193914,2012
A,ATO61,AES_EFF,3,111659,1999
A,ATO61,AES_EFF,3,114659,2005
A,ATO61,AES_EFF,3,114864,2008
A,ATO61,AES_EFF,3,64172,2012
A,ATO61,AES_EFF,9,301244,1999
A,ATO61,AES_EFF,9,315694,2005
A,ATO61,AES_EFF,9,346964,2008
A,ATO61,AES_EFF,9,324095,2012
A,ATO61,DEP_ESER,1,3,1999
A,ATO61,DEP_ESER,1,7,2005
A,ATO61,DEP_ESER,1,18,2008
A,ATO61,DEP_ESER,1,29,2012
A,ATO61,DEP_ESER,2,50,1999
A,ATO61,DEP_ESER,2,53,2005
A,ATO61,DEP_ESER,2,67,2008
A,ATO61,DEP_ESER,2,65,2012
A,ATO61,DEP_ESER,3,5,1999
A,ATO61,DEP_ESER,3,7,2005
A,ATO61,DEP_ESER,3,7,2008
A,ATO61,DEP_ESER,3,7,2012
A,ATO61,DEP_ESER,9,58,1999
A,ATO61,DEP_ESER,9,67,2005
A,ATO61,DEP_ESER,9,92,2008
A,ATO61,DEP_ESER,9,101,2012
A,ATO62,AES_EFF,1,9009,1999
A,ATO62,AES_EFF,1,9125,2005
A,ATO62,AES_EFF,1,36344,2008
A,ATO62,AES_EFF,1,23248,2012
A,ATO62,AES_EFF,2,2215847,1999
A,ATO62,AES_EFF,2,2365270,2005
A,ATO62,AES_EFF,2,2405127,2008
A,ATO62,AES_EFF,2,4194612,2012
A,ATO62,AES_EFF,3,1301392,1999
A,ATO62,AES_EFF,3,1475699,2005
A,ATO62,AES_EFF,3,1632159,2008
A,ATO62,AES_EFF,3,212237,2012
A,ATO62,AES_EFF,9,3526247,1999
A,ATO62,AES_EFF,9,3850094,2005
A,ATO62,AES_EFF,9,4073630,2008
A,ATO62,AES_EFF,9,4430097,2012
A,ATO62,DEP_ESER,1,10,1999
A,ATO62,DEP_ESER,1,11,2005
A,ATO62,DEP_ESER,1,14,2008
A,ATO62,DEP_ESER,1,59,2012
A,ATO62,DEP_ESER,2,124,1999
A,ATO62,DEP_ESER,2,146,2005
A,ATO62,DEP_ESER,2,151,2008
A,ATO62,DEP_ESER,2,212,2012
A,ATO62,DEP_ESER,3,40,1999
A,ATO62,DEP_ESER,3,43,2005
A,ATO62,DEP_ESER,3,43,2008
A,ATO62,DEP_ESER,3,18,2012
A,ATO62,DEP_ESER,9,174,1999
A,ATO62,DEP_ESER,9,200,2005
A,ATO62,DEP_ESER,9,208,2008
A,ATO62,DEP_ESER,9,289,2012
A,ATO63,AES_EFF,1,23509,1999
A,ATO63,AES_EFF,1,26099,2005
A,ATO63,AES_EFF,1,28231,2008
A,ATO63,AES_EFF,1,42675,2012
A,ATO63,AES_EFF,2,67151,1999
A,ATO63,AES_EFF,2,77342,2005
A,ATO63,AES_EFF,2,86102,2008
A,ATO63,AES_EFF,2,82295,2012
A,ATO63,AES_EFF,3,86940,1999
A,ATO63,AES_EFF,3,89394,2005
A,ATO63,AES_EFF,3,89948,2008
A,ATO63,AES_EFF,3,130048,2012
A,ATO63,AES_EFF,9,177600,1999
A,ATO63,AES_EFF,9,192835,2005
A,ATO63,AES_EFF,9,204281,2008
A,ATO63,AES_EFF,9,255018,2012
A,ATO63,DEP_ESER,1,56,1999
A,ATO63,DEP_ESER,1,60,2005
A,ATO63,DEP_ESER,1,63,2008
A,ATO63,DEP_ESER,1,71,2012
A,ATO63,DEP_ESER,2,48,1999
A,ATO63,DEP_ESER,2,50,2005
A,ATO63,DEP_ESER,2,52,2008
A,ATO63,DEP_ESER,2,54,2012
A,ATO63,DEP_ESER,3,17,1999
A,ATO63,DEP_ESER,3,17,2005
A,ATO63,DEP_ESER,3,20,2008
A,ATO63,DEP_ESER,3,25,2012
A,ATO63,DEP_ESER,9,121,1999
A,ATO63,DEP_ESER,9,127,2005
A,ATO63,DEP_ESER,9,135,2008
A,ATO63,DEP_ESER,9,149,2012
A,ATO64,AES_EFF,1,1600,1999
A,ATO64,AES_EFF,1,1600,2005
A,ATO64,AES_EFF,1,9762,2012
A,ATO64,AES_EFF,2,370859,1999
A,ATO64,AES_EFF,2,388036,2005
A,ATO64,AES_EFF,2,395936,2008
A,ATO64,AES_EFF,2,759656,2012
A,ATO64,AES_EFF,3,330700,1999
A,ATO64,AES_EFF,3,375356,2005
A,ATO64,AES_EFF,3,388354,2008
A,ATO64,AES_EFF,9,703159,1999
A,ATO64,AES_EFF,9,764992,2005
A,ATO64,AES_EFF,9,784290,2008
A,ATO64,AES_EFF,9,769418,2012
A,ATO64,DEP_ESER,1,1,1999
A,ATO64,DEP_ESER,1,1,2005
A,ATO64,DEP_ESER,1,3,2012
A,ATO64,DEP_ESER,2,50,1999
A,ATO64,DEP_ESER,2,53,2005
A,ATO64,DEP_ESER,2,54,2008
A,ATO64,DEP_ESER,2,69,2012
A,ATO64,DEP_ESER,3,11,1999
A,ATO64,DEP_ESER,3,12,2005
A,ATO64,DEP_ESER,3,12,2008
A,ATO64,DEP_ESER,9,62,1999
A,ATO64,DEP_ESER,9,66,2005
A,ATO64,DEP_ESER,9,66,2008
A,ATO64,DEP_ESER,9,70,2012
A,ATO65,AES_EFF,1,200,1999
A,ATO65,AES_EFF,1,1871,2005
A,ATO65,AES_EFF,1,8489,2008
A,ATO65,AES_EFF,1,7850,2012
A,ATO65,AES_EFF,2,199407,1999
A,ATO65,AES_EFF,2,238098,2005
A,ATO65,AES_EFF,2,295777,2008
A,ATO65,AES_EFF,2,178310,2012
A,ATO65,AES_EFF,3,25000,1999
A,ATO65,AES_EFF,3,58038,2005
A,ATO65,AES_EFF,3,57821,2008
A,ATO65,AES_EFF,3,107542,2012
A,ATO65,AES_EFF,9,224607,1999
A,ATO65,AES_EFF,9,298007,2005
A,ATO65,AES_EFF,9,362087,2008
A,ATO65,AES_EFF,9,293702,2012
A,ATO65,DEP_ESER,1,1,1999
A,ATO65,DEP_ESER,1,9,2005
A,ATO65,DEP_ESER,1,15,2008
A,ATO65,DEP_ESER,1,15,2012
A,ATO65,DEP_ESER,2,89,1999
A,ATO65,DEP_ESER,2,108,2005
A,ATO65,DEP_ESER,2,125,2008
A,ATO65,DEP_ESER,2,115,2012
A,ATO65,DEP_ESER,3,3,1999
A,ATO65,DEP_ESER,3,4,2005
A,ATO65,DEP_ESER,3,4,2008
A,ATO65,DEP_ESER,3,18,2012
A,ATO65,DEP_ESER,9,93,1999
A,ATO65,DEP_ESER,9,121,2005
A,ATO65,DEP_ESER,9,144,2008
A,ATO65,DEP_ESER,9,148,2012
A,ATO7,AES_EFF,1,24533,1999
A,ATO7,AES_EFF,1,42965,2005
A,ATO7,AES_EFF,1,60899,2008
A,ATO7,AES_EFF,1,61861,2012
A,ATO7,AES_EFF,2,37192,1999
A,ATO7,AES_EFF,2,73475,2005
A,ATO7,AES_EFF,2,73584,2008
A,ATO7,AES_EFF,2,130757,2012
A,ATO7,AES_EFF,3,140016,1999
A,ATO7,AES_EFF,3,163418,2005
A,ATO7,AES_EFF,3,171730,2008
A,ATO7,AES_EFF,3,119200,2012
A,ATO7,AES_EFF,9,201741,1999
A,ATO7,AES_EFF,9,279858,2005
A,ATO7,AES_EFF,9,306213,2008
A,ATO7,AES_EFF,9,311818,2012
A,ATO7,DEP_ESER,1,173,1999
A,ATO7,DEP_ESER,1,194,2005
A,ATO7,DEP_ESER,1,215,2008
A,ATO7,DEP_ESER,1,281,2012
A,ATO7,DEP_ESER,2,11,1999
A,ATO7,DEP_ESER,2,13,2005
A,ATO7,DEP_ESER,2,15,2008
A,ATO7,DEP_ESER,2,20,2012
A,ATO7,DEP_ESER,3,8,1999
A,ATO7,DEP_ESER,3,10,2005
A,ATO7,DEP_ESER,3,11,2008
A,ATO7,DEP_ESER,3,5,2012
A,ATO7,DEP_ESER,9,192,1999
A,ATO7,DEP_ESER,9,217,2005
A,ATO7,DEP_ESER,9,241,2008
A,ATO7,DEP_ESER,9,306,2012
A,ATO72,AES_EFF,1,4786,1999
A,ATO72,AES_EFF,1,7326,2005
A,ATO72,AES_EFF,1,17355,2008
A,ATO72,AES_EFF,1,42559,2012
A,ATO72,AES_EFF,2,133043,1999
A,ATO72,AES_EFF,2,152955,2005
A,ATO72,AES_EFF,2,158173,2008
A,ATO72,AES_EFF,2,186104,2012
A,ATO72,AES_EFF,3,304038,1999
A,ATO72,AES_EFF,3,315104,2005
A,ATO72,AES_EFF,3,342270,2008
A,ATO72,AES_EFF,3,288532,2012
A,ATO72,AES_EFF,9,441867,1999
A,ATO72,AES_EFF,9,475385,2005
A,ATO72,AES_EFF,9,517798,2008
A,ATO72,AES_EFF,9,517195,2012
A,ATO72,DEP_ESER,1,5,1999
A,ATO72,DEP_ESER,1,10,2005
A,ATO72,DEP_ESER,1,26,2008
A,ATO72,DEP_ESER,1,74,2012
A,ATO72,DEP_ESER,2,113,1999
A,ATO72,DEP_ESER,2,130,2005
A,ATO72,DEP_ESER,2,149,2008
A,ATO72,DEP_ESER,2,162,2012
A,ATO72,DEP_ESER,3,26,1999
A,ATO72,DEP_ESER,3,28,2005
A,ATO72,DEP_ESER,3,40,2008
A,ATO72,DEP_ESER,3,27,2012
A,ATO72,DEP_ESER,9,144,1999
A,ATO72,DEP_ESER,9,168,2005
A,ATO72,DEP_ESER,9,215,2008
A,ATO72,DEP_ESER,9,243,2012
A,ATO73,AES_EFF,1,52517,1999
A,ATO73,AES_EFF,1,52575,2005
A,ATO73,AES_EFF,1,28085,2008
A,ATO73,AES_EFF,1,72616,2012
A,ATO73,AES_EFF,2,159498,1999
A,ATO73,AES_EFF,2,177598,2005
A,ATO73,AES_EFF,2,199662,2008
A,ATO73,AES_EFF,2,620773,2012
A,ATO73,AES_EFF,3,596263,1999
A,ATO73,AES_EFF,3,595561,2005
A,ATO73,AES_EFF,3,610395,2008
A,ATO73,AES_EFF,3,203433,2012
A,ATO73,AES_EFF,9,808278,1999
A,ATO73,AES_EFF,9,825734,2005
A,ATO73,AES_EFF,9,838142,2008
A,ATO73,AES_EFF,9,896822,2012
A,ATO73,DEP_ESER,1,23,1999
A,ATO73,DEP_ESER,1,23,2005
A,ATO73,DEP_ESER,1,29,2008
A,ATO73,DEP_ESER,1,69,2012
A,ATO73,DEP_ESER,2,87,1999
A,ATO73,DEP_ESER,2,93,2005
A,ATO73,DEP_ESER,2,120,2008
A,ATO73,DEP_ESER,2,120,2012
A,ATO73,DEP_ESER,3,19,1999
A,ATO73,DEP_ESER,3,19,2005
A,ATO73,DEP_ESER,3,28,2008
A,ATO73,DEP_ESER,3,24,2012
A,ATO73,DEP_ESER,9,129,1999
A,ATO73,DEP_ESER,9,135,2005
A,ATO73,DEP_ESER,9,177,2008
A,ATO73,DEP_ESER,9,212,2012
A,ATO74,AES_EFF,1,30289,1999
A,ATO74,AES_EFF,1,32639,2005
A,ATO74,AES_EFF,1,35641,2008
A,ATO74,AES_EFF,1,183668,2012
A,ATO74,AES_EFF,2,3704453,1999
A,ATO74,AES_EFF,2,3717253,2005
A,ATO74,AES_EFF,2,3682855,2008
A,ATO74,AES_EFF,2,2169531,2012
A,ATO74,AES_EFF,3,1159544,1999
A,ATO74,AES_EFF,3,861544,2005
A,ATO74,AES_EFF,3,785530,2008
A,ATO74,AES_EFF,3,813473,2012
A,ATO74,AES_EFF,9,4894286,1999
A,ATO74,AES_EFF,9,4611436,2005
A,ATO74,AES_EFF,9,4504026,2008
A,ATO74,AES_EFF,9,3166672,2012
A,ATO74,DEP_ESER,1,18,1999
A,ATO74,DEP_ESER,1,21,2005
A,ATO74,DEP_ESER,1,29,2008
A,ATO74,DEP_ESER,1,47,2012
A,ATO74,DEP_ESER,2,26,1999
A,ATO74,DEP_ESER,2,29,2005
A,ATO74,DEP_ESER,2,40,2008
A,ATO74,DEP_ESER,2,36,2012
A,ATO74,DEP_ESER,3,12,1999
A,ATO74,DEP_ESER,3,12,2005
A,ATO74,DEP_ESER,3,16,2008
A,ATO74,DEP_ESER,3,26,2012
A,ATO74,DEP_ESER,9,56,1999
A,ATO74,DEP_ESER,9,62,2005
A,ATO74,DEP_ESER,9,85,2008
A,ATO74,DEP_ESER,9,104,2012
A,ATO75,AES_EFF,1,8832,1999
A,ATO75,AES_EFF,1,8832,2005
A,ATO75,AES_EFF,1,1832,2008
A,ATO75,AES_EFF,1,5457,2012
A,ATO75,AES_EFF,2,170380,1999
A,ATO75,AES_EFF,2,633633,2005
A,ATO75,AES_EFF,2,634809,2008
A,ATO75,AES_EFF,2,294390,2012
A,ATO75,AES_EFF,3,392570,1999
A,ATO75,AES_EFF,3,520757,2005
A,ATO75,AES_EFF,3,936029,2008
A,ATO75,AES_EFF,3,1884485,2012
A,ATO75,AES_EFF,9,571782,1999
A,ATO75,AES_EFF,9,1163222,2005
A,ATO75,AES_EFF,9,1572670,2008
A,ATO75,AES_EFF,9,2184332,2012
A,ATO75,DEP_ESER,1,5,1999
A,ATO75,DEP_ESER,1,5,2005
A,ATO75,DEP_ESER,1,3,2008
A,ATO75,DEP_ESER,1,7,2012
A,ATO75,DEP_ESER,2,32,1999
A,ATO75,DEP_ESER,2,34,2005
A,ATO75,DEP_ESER,2,34,2008
A,ATO75,DEP_ESER,2,31,2012
A,ATO75,DEP_ESER,3,5,1999
A,ATO75,DEP_ESER,3,6,2005
A,ATO75,DEP_ESER,3,7,2008
A,ATO75,DEP_ESER,3,10,2012
A,ATO75,DEP_ESER,9,42,1999
A,ATO75,DEP_ESER,9,45,2005
A,ATO75,DEP_ESER,9,44,2008
A,ATO75,DEP_ESER,9,47,2012
A,ATO76,AES_EFF,1,26415,1999
A,ATO76,AES_EFF,1,26415,2005
A,ATO76,AES_EFF,1,35901,2008
A,ATO76,AES_EFF,1,74901,2012
A,ATO76,AES_EFF,2,221043,1999
A,ATO76,AES_EFF,2,352184,2005
A,ATO76,AES_EFF,2,359213,2008
A,ATO76,AES_EFF,2,809424,2012
A,ATO76,AES_EFF,3,580933,1999
A,ATO76,AES_EFF,3,593914,2005
A,ATO76,AES_EFF,3,593701,2008
A,ATO76,AES_EFF,3,138940,2012
A,ATO76,AES_EFF,9,828391,1999
A,ATO76,AES_EFF,9,972513,2005
A,ATO76,AES_EFF,9,988815,2008
A,ATO76,AES_EFF,9,1023265,2012
A,ATO76,DEP_ESER,1,25,1999
A,ATO76,DEP_ESER,1,25,2005
A,ATO76,DEP_ESER,1,33,2008
A,ATO76,DEP_ESER,1,51,2012
A,ATO76,DEP_ESER,2,97,1999
A,ATO76,DEP_ESER,2,105,2005
A,ATO76,DEP_ESER,2,108,2008
A,ATO76,DEP_ESER,2,123,2012
A,ATO76,DEP_ESER,3,32,1999
A,ATO76,DEP_ESER,3,42,2005
A,ATO76,DEP_ESER,3,41,2008
A,ATO76,DEP_ESER,3,26,2012
A,ATO76,DEP_ESER,9,154,1999
A,ATO76,DEP_ESER,9,172,2005
A,ATO76,DEP_ESER,9,182,2008
A,ATO76,DEP_ESER,9,200,2012
A,ATO77,AES_EFF,1,103312,1999
A,ATO77,AES_EFF,1,65686,2005
A,ATO77,AES_EFF,1,92028,2008
A,ATO77,AES_EFF,1,110463,2012
A,ATO77,AES_EFF,2,1389453,1999
A,ATO77,AES_EFF,2,1509492,2005
A,ATO77,AES_EFF,2,1510573,2008
A,ATO77,AES_EFF,2,663974,2012
A,ATO77,AES_EFF,3,2192359,1999
A,ATO77,AES_EFF,3,2466007,2005
A,ATO77,AES_EFF,3,2642766,2008
A,ATO77,AES_EFF,3,4046595,2012
A,ATO77,AES_EFF,9,3685124,1999
A,ATO77,AES_EFF,9,4041185,2005
A,ATO77,AES_EFF,9,4245368,2008
A,ATO77,AES_EFF,9,4821032,2012
A,ATO77,DEP_ESER,1,13,1999
A,ATO77,DEP_ESER,1,10,2005
A,ATO77,DEP_ESER,1,9,2008
A,ATO77,DEP_ESER,1,23,2012
A,ATO77,DEP_ESER,2,87,1999
A,ATO77,DEP_ESER,2,94,2005
A,ATO77,DEP_ESER,2,85,2008
A,ATO77,DEP_ESER,2,48,2012
A,ATO77,DEP_ESER,3,89,1999
A,ATO77,DEP_ESER,3,97,2005
A,ATO77,DEP_ESER,3,97,2008
A,ATO77,DEP_ESER,3,158,2012
A,ATO77,DEP_ESER,9,189,1999
A,ATO77,DEP_ESER,9,201,2005
A,ATO77,DEP_ESER,9,191,2008
A,ATO77,DEP_ESER,9,228,2012
A,ATO78,AES_EFF,1,18410,1999
A,ATO78,AES_EFF,1,2110,2005
A,ATO78,AES_EFF,1,33933,2008
A,ATO78,AES_EFF,1,10608,2012
A,ATO78,AES_EFF,2,114210,1999
A,ATO78,AES_EFF,2,224078,2005
A,ATO78,AES_EFF,2,241265,2008
A,ATO78,AES_EFF,2,180909,2012
A,ATO78,AES_EFF,3,207405,1999
A,ATO78,AES_EFF,3,340919,2005
A,ATO78,AES_EFF,3,356180,2008
A,ATO78,AES_EFF,3,432755,2012
A,ATO78,AES_EFF,9,340025,1999
A,ATO78,AES_EFF,9,567107,2005
A,ATO78,AES_EFF,9,631378,2008
A,ATO78,AES_EFF,9,624272,2012
A,ATO78,DEP_ESER,1,5,1999
A,ATO78,DEP_ESER,1,7,2005
A,ATO78,DEP_ESER,1,23,2008
A,ATO78,DEP_ESER,1,26,2012
A,ATO78,DEP_ESER,2,71,1999
A,ATO78,DEP_ESER,2,144,2005
A,ATO78,DEP_ESER,2,150,2008
A,ATO78,DEP_ESER,2,93,2012
A,ATO78,DEP_ESER,3,11,1999
A,ATO78,DEP_ESER,3,25,2005
A,ATO78,DEP_ESER,3,25,2008
A,ATO78,DEP_ESER,3,89,2012
A,ATO78,DEP_ESER,9,87,1999
A,ATO78,DEP_ESER,9,176,2005
A,ATO78,DEP_ESER,9,198,2008
A,ATO78,DEP_ESER,9,208,2012
A,ATO8,AES_EFF,1,33866,1999
A,ATO8,AES_EFF,1,8977,2005
A,ATO8,AES_EFF,1,21196,2008
A,ATO8,AES_EFF,1,21567,2012
A,ATO8,AES_EFF,2,55873,1999
A,ATO8,AES_EFF,2,62144,2005
A,ATO8,AES_EFF,2,55348,2008
A,ATO8,AES_EFF,2,146827,2012
A,ATO8,AES_EFF,3,998992,1999
A,ATO8,AES_EFF,3,1132274,2005
A,ATO8,AES_EFF,3,1309339,2008
A,ATO8,AES_EFF,3,1373714,2012
A,ATO8,AES_EFF,9,1088732,1999
A,ATO8,AES_EFF,9,1203396,2005
A,ATO8,AES_EFF,9,1385883,2008
A,ATO8,AES_EFF,9,1542108,2012
A,ATO8,DEP_ESER,1,22,1999
A,ATO8,DEP_ESER,1,29,2005
A,ATO8,DEP_ESER,1,46,2008
A,ATO8,DEP_ESER,1,58,2012
A,ATO8,DEP_ESER,2,28,1999
A,ATO8,DEP_ESER,2,30,2005
A,ATO8,DEP_ESER,2,31,2008
A,ATO8,DEP_ESER,2,34,2012
A,ATO8,DEP_ESER,3,49,1999
A,ATO8,DEP_ESER,3,53,2005
A,ATO8,DEP_ESER,3,62,2008
A,ATO8,DEP_ESER,3,59,2012
A,ATO8,DEP_ESER,9,99,1999
A,ATO8,DEP_ESER,9,112,2005
A,ATO8,DEP_ESER,9,139,2008
A,ATO8,DEP_ESER,9,151,2012
A,ATO84,AES_EFF,1,39215,1999
A,ATO84,AES_EFF,1,49633,2005
A,ATO84,AES_EFF,1,51463,2008
A,ATO84,AES_EFF,1,70272,2012
A,ATO84,AES_EFF,2,308048,1999
A,ATO84,AES_EFF,2,373830,2005
A,ATO84,AES_EFF,2,446567,2008
A,ATO84,AES_EFF,2,611747,2012
A,ATO84,AES_EFF,3,245634,1999
A,ATO84,AES_EFF,3,302789,2005
A,ATO84,AES_EFF,3,311800,2008
A,ATO84,AES_EFF,3,210446,2012
A,ATO84,AES_EFF,9,592897,1999
A,ATO84,AES_EFF,9,726251,2005
A,ATO84,AES_EFF,9,809830,2008
A,ATO84,AES_EFF,9,892465,2012
A,ATO84,DEP_ESER,1,7,1999
A,ATO84,DEP_ESER,1,11,2005
A,ATO84,DEP_ESER,1,16,2008
A,ATO84,DEP_ESER,1,32,2012
A,ATO84,DEP_ESER,2,24,1999
A,ATO84,DEP_ESER,2,26,2005
A,ATO84,DEP_ESER,2,37,2008
A,ATO84,DEP_ESER,2,61,2012
A,ATO84,DEP_ESER,3,24,1999
A,ATO84,DEP_ESER,3,25,2005
A,ATO84,DEP_ESER,3,32,2008
A,ATO84,DEP_ESER,3,5,2012
A,ATO84,DEP_ESER,9,55,1999
A,ATO84,DEP_ESER,9,62,2005
A,ATO84,DEP_ESER,9,85,2008
A,ATO84,DEP_ESER,9,98,2012
A,ATO85,AES_EFF,1,17583,1999
A,ATO85,AES_EFF,1,17583,2005
A,ATO85,AES_EFF,1,10938,2008
A,ATO85,AES_EFF,1,22060,2012
A,ATO85,AES_EFF,2,96719,1999
A,ATO85,AES_EFF,2,116216,2005
A,ATO85,AES_EFF,2,131679,2008
A,ATO85,AES_EFF,2,160321,2012
A,ATO85,AES_EFF,3,160897,1999
A,ATO85,AES_EFF,3,171897,2005
A,ATO85,AES_EFF,3,227897,2008
A,ATO85,AES_EFF,3,534592,2012
A,ATO85,AES_EFF,9,275199,1999
A,ATO85,AES_EFF,9,305696,2005
A,ATO85,AES_EFF,9,370514,2008
A,ATO85,AES_EFF,9,716973,2012
A,ATO85,DEP_ESER,1,8,1999
A,ATO85,DEP_ESER,1,8,2005
A,ATO85,DEP_ESER,1,5,2008
A,ATO85,DEP_ESER,1,22,2012
A,ATO85,DEP_ESER,2,14,1999
A,ATO85,DEP_ESER,2,15,2005
A,ATO85,DEP_ESER,2,18,2008
A,ATO85,DEP_ESER,2,15,2012
A,ATO85,DEP_ESER,3,9,1999
A,ATO85,DEP_ESER,3,10,2005
A,ATO85,DEP_ESER,3,11,2008
A,ATO85,DEP_ESER,3,9,2012
A,ATO85,DEP_ESER,9,31,1999
A,ATO85,DEP_ESER,9,33,2005
A,ATO85,DEP_ESER,9,34,2008
A,ATO85,DEP_ESER,9,46,2012
A,ATO86,AES_EFF,1,62103,1999
A,ATO86,AES_EFF,1,71965,2005
A,ATO86,AES_EFF,1,92699,2008
A,ATO86,AES_EFF,1,191345,2012
A,ATO86,AES_EFF,2,337661,1999
A,ATO86,AES_EFF,2,341551,2005
A,ATO86,AES_EFF,2,437699,2008
A,ATO86,AES_EFF,2,452981,2012
A,ATO86,AES_EFF,3,230117,1999
A,ATO86,AES_EFF,3,234480,2005
A,ATO86,AES_EFF,3,249172,2008
A,ATO86,AES_EFF,3,359627,2012
A,ATO86,AES_EFF,9,629881,1999
A,ATO86,AES_EFF,9,647996,2005
A,ATO86,AES_EFF,9,779570,2008
A,ATO86,AES_EFF,9,1003953,2012
A,ATO86,DEP_ESER,1,22,1999
A,ATO86,DEP_ESER,1,29,2005
A,ATO86,DEP_ESER,1,59,2008
A,ATO86,DEP_ESER,1,112,2012
A,ATO86,DEP_ESER,2,28,1999
A,ATO86,DEP_ESER,2,32,2005
A,ATO86,DEP_ESER,2,46,2008
A,ATO86,DEP_ESER,2,40,2012
A,ATO86,DEP_ESER,3,9,1999
A,ATO86,DEP_ESER,3,14,2005
A,ATO86,DEP_ESER,3,20,2008
A,ATO86,DEP_ESER,3,15,2012
A,ATO86,DEP_ESER,9,59,1999
A,ATO86,DEP_ESER,9,75,2005
A,ATO86,DEP_ESER,9,125,2008
A,ATO86,DEP_ESER,9,167,2012
A,ATO87,AES_EFF,1,24400,1999
A,ATO87,AES_EFF,1,24400,2005
A,ATO87,AES_EFF,1,10200,2008
A,ATO87,AES_EFF,1,52169,2012
A,ATO87,AES_EFF,2,742619,1999
A,ATO87,AES_EFF,2,741819,2005
A,ATO87,AES_EFF,2,741969,2008
A,ATO87,AES_EFF,2,584386,2012
A,ATO87,AES_EFF,3,219700,1999
A,ATO87,AES_EFF,3,221700,2005
A,ATO87,AES_EFF,3,243700,2008
A,ATO87,AES_EFF,3,1156,2012
A,ATO87,AES_EFF,9,986719,1999
A,ATO87,AES_EFF,9,987919,2005
A,ATO87,AES_EFF,9,995869,2008
A,ATO87,AES_EFF,9,637711,2012
A,ATO87,DEP_ESER,1,3,1999
A,ATO87,DEP_ESER,1,3,2005
A,ATO87,DEP_ESER,1,3,2008
A,ATO87,DEP_ESER,1,10,2012
A,ATO87,DEP_ESER,2,8,1999
A,ATO87,DEP_ESER,2,8,2005
A,ATO87,DEP_ESER,2,8,2008
A,ATO87,DEP_ESER,2,10,2012
A,ATO87,DEP_ESER,3,7,1999
A,ATO87,DEP_ESER,3,7,2005
A,ATO87,DEP_ESER,3,6,2008
A,ATO87,DEP_ESER,3,4,2012
A,ATO87,DEP_ESER,9,18,1999
A,ATO87,DEP_ESER,9,18,2005
A,ATO87,DEP_ESER,9,17,2008
A,ATO87,DEP_ESER,9,24,2012
A,ATO88,AES_EFF,1,33352,1999
A,ATO88,AES_EFF,1,33251,2005
A,ATO88,AES_EFF,1,33251,2008
A,ATO88,AES_EFF,1,76273,2012
A,ATO88,AES_EFF,2,183760,1999
A,ATO88,AES_EFF,2,192637,2005
A,ATO88,AES_EFF,2,165557,2008
A,ATO88,AES_EFF,2,191554,2012
A,ATO88,AES_EFF,3,66500,1999
A,ATO88,AES_EFF,3,66500,2005
A,ATO88,AES_EFF,3,100450,2008
A,ATO88,AES_EFF,3,42000,2012
A,ATO88,AES_EFF,9,283612,1999
A,ATO88,AES_EFF,9,292388,2005
A,ATO88,AES_EFF,9,299258,2008
A,ATO88,AES_EFF,9,309827,2012
A,ATO88,DEP_ESER,1,2,1999
A,ATO88,DEP_ESER,1,2,2005
A,ATO88,DEP_ESER,1,2,2008
A,ATO88,DEP_ESER,1,6,2012
A,ATO88,DEP_ESER,2,13,1999
A,ATO88,DEP_ESER,2,14,2005
A,ATO88,DEP_ESER,2,14,2008
A,ATO88,DEP_ESER,2,13,2012
A,ATO88,DEP_ESER,3,3,1999
A,ATO88,DEP_ESER,3,3,2005
A,ATO88,DEP_ESER,3,4,2008
A,ATO88,DEP_ESER,3,3,2012
A,ATO88,DEP_ESER,9,18,1999
A,ATO88,DEP_ESER,9,19,2005
A,ATO88,DEP_ESER,9,20,2008
A,ATO88,DEP_ESER,9,22,2012
A,ATO89,AES_EFF,1,5500,2008
A,ATO89,AES_EFF,1,5500,2012
A,ATO89,AES_EFF,2,81596,1999
A,ATO89,AES_EFF,2,75692,2005
A,ATO89,AES_EFF,2,102904,2008
A,ATO89,AES_EFF,2,116790,2012
A,ATO89,AES_EFF,3,5040,1999
A,ATO89,AES_EFF,3,5040,2005
A,ATO89,AES_EFF,3,5590,2008
A,ATO89,AES_EFF,3,3472,2012
A,ATO89,AES_EFF,9,86636,1999
A,ATO89,AES_EFF,9,80732,2005
A,ATO89,AES_EFF,9,113994,2008
A,ATO89,AES_EFF,9,125762,2012
A,ATO89,DEP_ESER,1,1,2008
A,ATO89,DEP_ESER,1,9,2012
A,ATO89,DEP_ESER,2,12,1999
A,ATO89,DEP_ESER,2,12,2005
A,ATO89,DEP_ESER,2,19,2008
A,ATO89,DEP_ESER,2,24,2012
A,ATO89,DEP_ESER,3,1,1999
A,ATO89,DEP_ESER,3,1,2005
A,ATO89,DEP_ESER,3,2,2008
A,ATO89,DEP_ESER,3,1,2012
A,ATO89,DEP_ESER,9,13,1999
A,ATO89,DEP_ESER,9,13,2005
A,ATO89,DEP_ESER,9,22,2008
A,ATO89,DEP_ESER,9,34,2012
A,ATO9,AES_EFF,1,10462,1999
A,ATO9,AES_EFF,1,10725,2005
A,ATO9,AES_EFF,1,23538,2008
A,ATO9,AES_EFF,1,27457,2012
A,ATO9,AES_EFF,2,302347,1999
A,ATO9,AES_EFF,2,362509,2005
A,ATO9,AES_EFF,2,406694,2008
A,ATO9,AES_EFF,2,278564,2012
A,ATO9,AES_EFF,3,516098,1999
A,ATO9,AES_EFF,3,567033,2005
A,ATO9,AES_EFF,3,577408,2008
A,ATO9,AES_EFF,3,445551,2012
A,ATO9,AES_EFF,9,828907,1999
A,ATO9,AES_EFF,9,940267,2005
A,ATO9,AES_EFF,9,1007640,2008
A,ATO9,AES_EFF,9,751572,2012
A,ATO9,DEP_ESER,1,30,1999
A,ATO9,DEP_ESER,1,30,2005
A,ATO9,DEP_ESER,1,77,2008
A,ATO9,DEP_ESER,1,108,2012
A,ATO9,DEP_ESER,2,114,1999
A,ATO9,DEP_ESER,2,130,2005
A,ATO9,DEP_ESER,2,135,2008
A,ATO9,DEP_ESER,2,132,2012
A,ATO9,DEP_ESER,3,24,1999
A,ATO9,DEP_ESER,3,25,2005
A,ATO9,DEP_ESER,3,27,2008
A,ATO9,DEP_ESER,3,49,2012
A,ATO9,DEP_ESER,9,168,1999
A,ATO9,DEP_ESER,9,185,2005
A,ATO9,DEP_ESER,9,239,2008
A,ATO9,DEP_ESER,9,287,2012
A,ATO90,AES_EFF,1,40000,1999
A,ATO90,AES_EFF,1,47000,2005
A,ATO90,AES_EFF,1,61738,2008
A,ATO90,AES_EFF,1,28313,2012
A,ATO90,AES_EFF,2,193400,1999
A,ATO90,AES_EFF,2,187724,2005
A,ATO90,AES_EFF,2,253911,2008
A,ATO90,AES_EFF,2,279210,2012
A,ATO90,AES_EFF,3,32607,1999
A,ATO90,AES_EFF,3,84607,2005
A,ATO90,AES_EFF,3,100807,2008
A,ATO90,AES_EFF,3,55000,2012
A,ATO90,AES_EFF,9,266007,1999
A,ATO90,AES_EFF,9,319331,2005
A,ATO90,AES_EFF,9,416456,2008
A,ATO90,AES_EFF,9,362523,2012
A,ATO90,DEP_ESER,1,1,1999
A,ATO90,DEP_ESER,1,2,2005
A,ATO90,DEP_ESER,1,7,2008
A,ATO90,DEP_ESER,1,12,2012
A,ATO90,DEP_ESER,2,17,1999
A,ATO90,DEP_ESER,2,19,2005
A,ATO90,DEP_ESER,2,26,2008
A,ATO90,DEP_ESER,2,34,2012
A,ATO90,DEP_ESER,3,4,1999
A,ATO90,DEP_ESER,3,5,2005
A,ATO90,DEP_ESER,3,7,2008
A,ATO90,DEP_ESER,3,4,2012
A,ATO90,DEP_ESER,9,22,1999
A,ATO90,DEP_ESER,9,26,2005
A,ATO90,DEP_ESER,9,40,2008
A,ATO90,DEP_ESER,9,50,2012
A,ATO91,AES_EFF,1,800,1999
A,ATO91,AES_EFF,1,1080,2005
A,ATO91,AES_EFF,1,1080,2008
A,ATO91,AES_EFF,1,17175,2012
A,ATO91,AES_EFF,2,142888,1999
A,ATO91,AES_EFF,2,144440,2005
A,ATO91,AES_EFF,2,142525,2008
A,ATO91,AES_EFF,2,135740,2012
A,ATO91,AES_EFF,3,66997,1999
A,ATO91,AES_EFF,3,67200,2005
A,ATO91,AES_EFF,3,67200,2008
A,ATO91,AES_EFF,3,51600,2012
A,ATO91,AES_EFF,9,210685,1999
A,ATO91,AES_EFF,9,212720,2005
A,ATO91,AES_EFF,9,210805,2008
A,ATO91,AES_EFF,9,204515,2012
A,ATO91,DEP_ESER,1,3,1999
A,ATO91,DEP_ESER,1,3,2005
A,ATO91,DEP_ESER,1,3,2008
A,ATO91,DEP_ESER,1,12,2012
A,ATO91,DEP_ESER,2,19,1999
A,ATO91,DEP_ESER,2,19,2005
A,ATO91,DEP_ESER,2,18,2008
A,ATO91,DEP_ESER,2,17,2012
A,ATO91,DEP_ESER,3,3,1999
A,ATO91,DEP_ESER,3,3,2005
A,ATO91,DEP_ESER,3,3,2008
A,ATO91,DEP_ESER,3,2,2012
A,ATO91,DEP_ESER,9,25,1999
A,ATO91,DEP_ESER,9,25,2005
A,ATO91,DEP_ESER,9,24,2008
A,ATO91,DEP_ESER,9,31,2012
A,ATO92,AES_EFF,1,30430,1999
A,ATO92,AES_EFF,1,22300,2005
A,ATO92,AES_EFF,1,19717,2008
A,ATO92,AES_EFF,1,27564,2012
A,ATO92,AES_EFF,2,65235,1999
A,ATO92,AES_EFF,2,65310,2005
A,ATO92,AES_EFF,2,49328,2008
A,ATO92,AES_EFF,2,184964,2012
A,ATO92,AES_EFF,3,224580,1999
A,ATO92,AES_EFF,3,223180,2005
A,ATO92,AES_EFF,3,224900,2008
A,ATO92,AES_EFF,3,120050,2012
A,ATO92,AES_EFF,9,320245,1999
A,ATO92,AES_EFF,9,310790,2005
A,ATO92,AES_EFF,9,293945,2008
A,ATO92,AES_EFF,9,332578,2012
A,ATO92,DEP_ESER,1,3,1999
A,ATO92,DEP_ESER,1,4,2005
A,ATO92,DEP_ESER,1,3,2008
A,ATO92,DEP_ESER,1,7,2012
A,ATO92,DEP_ESER,2,18,1999
A,ATO92,DEP_ESER,2,18,2005
A,ATO92,DEP_ESER,2,19,2008
A,ATO92,DEP_ESER,2,21,2012
A,ATO92,DEP_ESER,3,13,1999
A,ATO92,DEP_ESER,3,13,2005
A,ATO92,DEP_ESER,3,14,2008
A,ATO92,DEP_ESER,3,14,2012
A,ATO92,DEP_ESER,9,34,1999
A,ATO92,DEP_ESER,9,35,2005
A,ATO92,DEP_ESER,9,36,2008
A,ATO92,DEP_ESER,9,42,2012
A,ATO93,AES_EFF,1,12939,1999
A,ATO93,AES_EFF,1,13679,2005
A,ATO93,AES_EFF,1,13033,2008
A,ATO93,AES_EFF,1,376895,2012
A,ATO93,AES_EFF,2,973926,1999
A,ATO93,AES_EFF,2,1099302,2005
A,ATO93,AES_EFF,2,1162041,2008
A,ATO93,AES_EFF,2,714156,2012
A,ATO93,AES_EFF,3,870914,1999
A,ATO93,AES_EFF,3,1503947,2005
A,ATO93,AES_EFF,3,1723394,2008
A,ATO93,AES_EFF,3,1880302,2012
A,ATO93,AES_EFF,9,1857779,1999
A,ATO93,AES_EFF,9,2616928,2005
A,ATO93,AES_EFF,9,2898467,2008
A,ATO93,AES_EFF,9,2971353,2012
A,ATO93,DEP_ESER,1,17,1999
A,ATO93,DEP_ESER,1,17,2005
A,ATO93,DEP_ESER,1,19,2008
A,ATO93,DEP_ESER,1,51,2012
A,ATO93,DEP_ESER,2,262,1999
A,ATO93,DEP_ESER,2,308,2005
A,ATO93,DEP_ESER,2,344,2008
A,ATO93,DEP_ESER,2,337,2012
A,ATO93,DEP_ESER,3,71,1999
A,ATO93,DEP_ESER,3,101,2005
A,ATO93,DEP_ESER,3,119,2008
A,ATO93,DEP_ESER,3,154,2012
A,ATO93,DEP_ESER,9,350,1999
A,ATO93,DEP_ESER,9,426,2005
A,ATO93,DEP_ESER,9,482,2008
A,ATO93,DEP_ESER,9,542,2012
A,ATO94,AES_EFF,1,2251,1999
A,ATO94,AES_EFF,1,2851,2005
A,ATO94,AES_EFF,1,4701,2008
A,ATO94,AES_EFF,1,33488,2012
A,ATO94,AES_EFF,2,4160,1999
A,ATO94,AES_EFF,2,4360,2005
A,ATO94,AES_EFF,2,6549,2008
A,ATO94,AES_EFF,2,17486,2012
A,ATO94,AES_EFF,3,110072,1999
A,ATO94,AES_EFF,3,132797,2005
A,ATO94,AES_EFF,3,146887,2008
A,ATO94,AES_EFF,3,206230,2012
A,ATO94,AES_EFF,9,116483,1999
A,ATO94,AES_EFF,9,140008,2005
A,ATO94,AES_EFF,9,158137,2008
A,ATO94,AES_EFF,9,257204,2012
A,ATO94,DEP_ESER,1,12,1999
A,ATO94,DEP_ESER,1,12,2005
A,ATO94,DEP_ESER,1,16,2008
A,ATO94,DEP_ESER,1,47,2012
A,ATO94,DEP_ESER,2,9,1999
A,ATO94,DEP_ESER,2,9,2005
A,ATO94,DEP_ESER,2,14,2008
A,ATO94,DEP_ESER,2,29,2012
A,ATO94,DEP_ESER,3,11,1999
A,ATO94,DEP_ESER,3,14,2005
A,ATO94,DEP_ESER,3,17,2008
A,ATO94,DEP_ESER,3,12,2012
A,ATO94,DEP_ESER,9,32,1999
A,ATO94,DEP_ESER,9,35,2005
A,ATO94,DEP_ESER,9,47,2008
A,ATO94,DEP_ESER,9,87,2012
A,IT,AES_EFF,1,2036217,1999
A,IT,AES_EFF,1,2337657,2005
A,IT,AES_EFF,1,2609590,2008
A,IT,AES_EFF,1,3712,2012
A,IT,AES_EFF,2,19456032,1999
A,IT,AES_EFF,2,22201370,2005
A,IT,AES_EFF,2,23628150,2008
A,IT,AES_EFF,2,26304,2012
A,IT,AES_EFF,3,42837065,1999
A,IT,AES_EFF,3,48886984,2005
A,IT,AES_EFF,3,52264613,2008
A,IT,AES_EFF,3,45177,2012
A,IT,AES_EFF,9,64329314,1999
A,IT,AES_EFF,9,73426010,2005
A,IT,AES_EFF,9,78502352,2008
A,IT,AES_EFF,9,75192,2012
A,IT,DEP_ESER,1,5757,1999
A,IT,DEP_ESER,1,7487,2005
A,IT,DEP_ESER,1,9002,2008
A,IT,DEP_ESER,1,10226,2012
A,IT,DEP_ESER,2,4389,1999
A,IT,DEP_ESER,2,5319,2005
A,IT,DEP_ESER,2,6049,2008
A,IT,DEP_ESER,2,6121,2012
A,IT,DEP_ESER,3,1426,1999
A,IT,DEP_ESER,3,1667,2005
A,IT,DEP_ESER,3,1850,2008
A,IT,DEP_ESER,3,1815,2012
A,IT,DEP_ESER,9,11572,1999
A,IT,DEP_ESER,9,14473,2005
A,IT,DEP_ESER,9,16901,2008
A,IT,DEP_ESER,9,18162,2012
A,ITC,AES_EFF,1,701727,1999
A,ITC,AES_EFF,1,802455,2005
A,ITC,AES_EFF,1,885051,2008
A,ITC,AES_EFF,1,1272,2012
A,ITC,AES_EFF,2,3488739,1999
A,ITC,AES_EFF,2,4041664,2005
A,ITC,AES_EFF,2,4481182,2008
A,ITC,AES_EFF,2,5886,2012
A,ITC,AES_EFF,3,12836018,1999
A,ITC,AES_EFF,3,15133261,2005
A,ITC,AES_EFF,3,16206820,2008
A,ITC,AES_EFF,3,13504,2012
A,ITC,AES_EFF,9,17026485,1999
A,ITC,AES_EFF,9,19977380,2005
A,ITC,AES_EFF,9,21573054,2008
A,ITC,AES_EFF,9,20662,2012
A,ITC,DEP_ESER,1,2612,1999
A,ITC,DEP_ESER,1,3106,2005
A,ITC,DEP_ESER,1,3773,2008
A,ITC,DEP_ESER,1,4233,2012
A,ITC,DEP_ESER,2,1260,1999
A,ITC,DEP_ESER,2,1506,2005
A,ITC,DEP_ESER,2,1744,2008
A,ITC,DEP_ESER,2,1784,2012
A,ITC,DEP_ESER,3,351,1999
A,ITC,DEP_ESER,3,367,2005
A,ITC,DEP_ESER,3,429,2008
A,ITC,DEP_ESER,3,376,2012
A,ITC,DEP_ESER,9,4223,1999
A,ITC,DEP_ESER,9,4979,2005
A,ITC,DEP_ESER,9,5946,2008
A,ITC,DEP_ESER,9,6393,2012
A,ITC1,AES_EFF,1,224156,1999
A,ITC1,AES_EFF,1,272505,2005
A,ITC1,AES_EFF,1,309209,2008
A,ITC1,AES_EFF,1,393,2012
A,ITC1,AES_EFF,2,1254168,1999
A,ITC1,AES_EFF,2,1378928,2005
A,ITC1,AES_EFF,2,1610026,2008
A,ITC1,AES_EFF,2,2305,2012
A,ITC1,AES_EFF,3,4565719,1999
A,ITC1,AES_EFF,3,4572252,2005
A,ITC1,AES_EFF,3,4722896,2008
A,ITC1,AES_EFF,3,3748,2012
A,ITC1,AES_EFF,9,6044043,1999
A,ITC1,AES_EFF,9,6223685,2005
A,ITC1,AES_EFF,9,6642131,2008
A,ITC1,AES_EFF,9,6446,2012
A,ITC1,DEP_ESER,1,1606,1999
A,ITC1,DEP_ESER,1,2034,2005
A,ITC1,DEP_ESER,1,2391,2008
A,ITC1,DEP_ESER,1,2710,2012
A,ITC1,DEP_ESER,2,702,1999
A,ITC1,DEP_ESER,2,916,2005
A,ITC1,DEP_ESER,2,1058,2008
A,ITC1,DEP_ESER,2,1150,2012
A,ITC1,DEP_ESER,3,51,1999
A,ITC1,DEP_ESER,3,53,2005
A,ITC1,DEP_ESER,3,63,2008
A,ITC1,DEP_ESER,3,56,2012
A,ITC1,DEP_ESER,9,2359,1999
A,ITC1,DEP_ESER,9,3003,2005
A,ITC1,DEP_ESER,9,3512,2008
A,ITC1,DEP_ESER,9,3916,2012
A,ITC2,AES_EFF,1,24533,1999
A,ITC2,AES_EFF,1,42965,2005
A,ITC2,AES_EFF,1,60899,2008
A,ITC2,AES_EFF,1,62,2012
A,ITC2,AES_EFF,2,37192,1999
A,ITC2,AES_EFF,2,73475,2005
A,ITC2,AES_EFF,2,73584,2008
A,ITC2,AES_EFF,2,131,2012
A,ITC2,AES_EFF,3,140016,1999
A,ITC2,AES_EFF,3,163418,2005
A,ITC2,AES_EFF,3,171730,2008
A,ITC2,AES_EFF,3,114,2012
A,ITC2,AES_EFF,9,201741,1999
A,ITC2,AES_EFF,9,279858,2005
A,ITC2,AES_EFF,9,306213,2008
A,ITC2,AES_EFF,9,307,2012
A,ITC2,DEP_ESER,1,173,1999
A,ITC2,DEP_ESER,1,194,2005
A,ITC2,DEP_ESER,1,215,2008
A,ITC2,DEP_ESER,1,250,2012
A,ITC2,DEP_ESER,2,11,1999
A,ITC2,DEP_ESER,2,13,2005
A,ITC2,DEP_ESER,2,15,2008
A,ITC2,DEP_ESER,2,20,2012
A,ITC2,DEP_ESER,3,8,1999
A,ITC2,DEP_ESER,3,10,2005
A,ITC2,DEP_ESER,3,11,2008
A,ITC2,DEP_ESER,3,3,2012
A,ITC2,DEP_ESER,9,192,1999
A,ITC2,DEP_ESER,9,217,2005
A,ITC2,DEP_ESER,9,241,2008
A,ITC2,DEP_ESER,9,273,2012
A,ITC3,AES_EFF,1,263321,1999
A,ITC3,AES_EFF,1,303954,2005
A,ITC3,AES_EFF,1,364425,2008
A,ITC3,AES_EFF,1,470,2012
A,ITC3,AES_EFF,2,883589,1999
A,ITC3,AES_EFF,2,1156055,2005
A,ITC3,AES_EFF,2,1182217,2008
A,ITC3,AES_EFF,2,1724,2012
A,ITC3,AES_EFF,3,676949,1999
A,ITC3,AES_EFF,3,681412,2005
A,ITC3,AES_EFF,3,698339,2008
A,ITC3,AES_EFF,3,391,2012
A,ITC3,AES_EFF,9,1823859,1999
A,ITC3,AES_EFF,9,2141421,2005
A,ITC3,AES_EFF,9,2244981,2008
A,ITC3,AES_EFF,9,2584,2012
A,ITC3,DEP_ESER,1,419,1999
A,ITC3,DEP_ESER,1,444,2005
A,ITC3,DEP_ESER,1,602,2008
A,ITC3,DEP_ESER,1,660,2012
A,ITC3,DEP_ESER,2,94,1999
A,ITC3,DEP_ESER,2,101,2005
A,ITC3,DEP_ESER,2,119,2008
A,ITC3,DEP_ESER,2,107,2012
A,ITC3,DEP_ESER,3,26,1999
A,ITC3,DEP_ESER,3,26,2005
A,ITC3,DEP_ESER,3,30,2008
A,ITC3,DEP_ESER,3,14,2012
A,ITC3,DEP_ESER,9,539,1999
A,ITC3,DEP_ESER,9,571,2005
A,ITC3,DEP_ESER,9,751,2008
A,ITC3,DEP_ESER,9,781,2012
A,ITC4,AES_EFF,1,189717,1999
A,ITC4,AES_EFF,1,183031,2005
A,ITC4,AES_EFF,1,150518,2008
A,ITC4,AES_EFF,1,347,2012
A,ITC4,AES_EFF,2,1313791,1999
A,ITC4,AES_EFF,2,1433206,2005
A,ITC4,AES_EFF,2,1615355,2008
A,ITC4,AES_EFF,2,1727,2012
A,ITC4,AES_EFF,3,7453334,1999
A,ITC4,AES_EFF,3,9716178,2005
A,ITC4,AES_EFF,3,10613855,2008
A,ITC4,AES_EFF,3,9251,2012
A,ITC4,AES_EFF,9,8956842,1999
A,ITC4,AES_EFF,9,11332415,2005
A,ITC4,AES_EFF,9,12379729,2008
A,ITC4,AES_EFF,9,11325,2012
A,ITC4,DEP_ESER,1,414,1999
A,ITC4,DEP_ESER,1,434,2005
A,ITC4,DEP_ESER,1,565,2008
A,ITC4,DEP_ESER,1,613,2012
A,ITC4,DEP_ESER,2,453,1999
A,ITC4,DEP_ESER,2,476,2005
A,ITC4,DEP_ESER,2,552,2008
A,ITC4,DEP_ESER,2,507,2012
A,ITC4,DEP_ESER,3,266,1999
A,ITC4,DEP_ESER,3,278,2005
A,ITC4,DEP_ESER,3,325,2008
A,ITC4,DEP_ESER,3,303,2012
A,ITC4,DEP_ESER,9,1133,1999
A,ITC4,DEP_ESER,9,1188,2005
A,ITC4,DEP_ESER,9,1442,2008
A,ITC4,DEP_ESER,9,1423,2012
A,ITD,AES_EFF,1,466149,1999
A,ITD,AES_EFF,1,537996,2005
A,ITD,AES_EFF,1,503651,2008
A,ITD,AES_EFF,1,461,2012
A,ITD,AES_EFF,2,1058058,1999
A,ITD,AES_EFF,2,1288649,2005
A,ITD,AES_EFF,2,1467706,2008
A,ITD,AES_EFF,2,2130,2012
A,ITD,AES_EFF,3,13705182,1999
A,ITD,AES_EFF,3,14489493,2005
A,ITD,AES_EFF,3,15193219,2008
A,ITD,AES_EFF,3,13293,2012
A,ITD,AES_EFF,9,15229388,1999
A,ITD,AES_EFF,9,16316138,2005
A,ITD,AES_EFF,9,17164575,2008
A,ITD,AES_EFF,9,15884,2012
A,ITD,DEP_ESER,1,1634,1999
A,ITD,DEP_ESER,1,2273,2005
A,ITD,DEP_ESER,1,2752,2008
A,ITD,DEP_ESER,1,2736,2012
A,ITD,DEP_ESER,2,839,1999
A,ITD,DEP_ESER,2,1021,2005
A,ITD,DEP_ESER,2,1109,2008
A,ITD,DEP_ESER,2,1156,2012
A,ITD,DEP_ESER,3,425,1999
A,ITD,DEP_ESER,3,487,2005
A,ITD,DEP_ESER,3,514,2008
A,ITD,DEP_ESER,3,473,2012
A,ITD,DEP_ESER,9,2898,1999
A,ITD,DEP_ESER,9,3781,2005
A,ITD,DEP_ESER,9,4375,2008
A,ITD,DEP_ESER,9,4365,2012
A,ITD1,AES_EFF,1,29635,1999
A,ITD1,AES_EFF,1,2365,2005
A,ITD1,AES_EFF,1,2655,2008
A,ITD1,AES_EFF,1,1,2012
A,ITD1,AES_EFF,2,66639,1999
A,ITD1,AES_EFF,2,93058,2005
A,ITD1,AES_EFF,2,99415,2008
A,ITD1,AES_EFF,2,112,2012
A,ITD1,AES_EFF,3,1083343,1999
A,ITD1,AES_EFF,3,1417456,2005
A,ITD1,AES_EFF,3,1501035,2008
A,ITD1,AES_EFF,3,1475,2012
A,ITD1,AES_EFF,9,1179617,1999
A,ITD1,AES_EFF,9,1512879,2005
A,ITD1,AES_EFF,9,1603105,2008
A,ITD1,AES_EFF,9,1589,2012
A,ITD1,DEP_ESER,1,31,1999
A,ITD1,DEP_ESER,1,6,2005
A,ITD1,DEP_ESER,1,3,2008
A,ITD1,DEP_ESER,1,2,2012
A,ITD1,DEP_ESER,2,24,1999
A,ITD1,DEP_ESER,2,30,2005
A,ITD1,DEP_ESER,2,35,2008
A,ITD1,DEP_ESER,2,36,2012
A,ITD1,DEP_ESER,3,15,1999
A,ITD1,DEP_ESER,3,18,2005
A,ITD1,DEP_ESER,3,20,2008
A,ITD1,DEP_ESER,3,18,2012
A,ITD1,DEP_ESER,9,70,1999
A,ITD1,DEP_ESER,9,54,2005
A,ITD1,DEP_ESER,9,58,2008
A,ITD1,DEP_ESER,9,56,2012
A,ITD2,AES_EFF,1,57789,1999
A,ITD2,AES_EFF,1,65480,2005
A,ITD2,AES_EFF,1,61135,2008
A,ITD2,AES_EFF,1,45,2012
A,ITD2,AES_EFF,2,17661,1999
A,ITD2,AES_EFF,2,18986,2005
A,ITD2,AES_EFF,2,21087,2008
A,ITD2,AES_EFF,2,19,2012
A,ITD2,AES_EFF,3,791132,1999
A,ITD2,AES_EFF,3,883794,2005
A,ITD2,AES_EFF,3,891156,2008
A,ITD2,AES_EFF,3,677,2012
A,ITD2,AES_EFF,9,866582,1999
A,ITD2,AES_EFF,9,968260,2005
A,ITD2,AES_EFF,9,973377,2008
A,ITD2,AES_EFF,9,741,2012
A,ITD2,DEP_ESER,1,124,1999
A,ITD2,DEP_ESER,1,146,2005
A,ITD2,DEP_ESER,1,163,2008
A,ITD2,DEP_ESER,1,137,2012
A,ITD2,DEP_ESER,2,15,1999
A,ITD2,DEP_ESER,2,16,2005
A,ITD2,DEP_ESER,2,18,2008
A,ITD2,DEP_ESER,2,16,2012
A,ITD2,DEP_ESER,3,47,1999
A,ITD2,DEP_ESER,3,57,2005
A,ITD2,DEP_ESER,3,56,2008
A,ITD2,DEP_ESER,3,57,2012
A,ITD2,DEP_ESER,9,186,1999
A,ITD2,DEP_ESER,9,219,2005
A,ITD2,DEP_ESER,9,237,2008
A,ITD2,DEP_ESER,9,210,2012
A,ITD3,AES_EFF,1,138821,1999
A,ITD3,AES_EFF,1,167174,2005
A,ITD3,AES_EFF,1,134859,2008
A,ITD3,AES_EFF,1,131,2012
A,ITD3,AES_EFF,2,273001,1999
A,ITD3,AES_EFF,2,336282,2005
A,ITD3,AES_EFF,2,356198,2008
A,ITD3,AES_EFF,2,378,2012
A,ITD3,AES_EFF,3,5554769,1999
A,ITD3,AES_EFF,3,5851626,2005
A,ITD3,AES_EFF,3,6127751,2008
A,ITD3,AES_EFF,3,5257,2012
A,ITD3,AES_EFF,9,5966591,1999
A,ITD3,AES_EFF,9,6355082,2005
A,ITD3,AES_EFF,9,6618809,2008
A,ITD3,AES_EFF,9,5766,2012
A,ITD3,DEP_ESER,1,479,1999
A,ITD3,DEP_ESER,1,649,2005
A,ITD3,DEP_ESER,1,695,2008
A,ITD3,DEP_ESER,1,720,2012
A,ITD3,DEP_ESER,2,263,1999
A,ITD3,DEP_ESER,2,310,2005
A,ITD3,DEP_ESER,2,302,2008
A,ITD3,DEP_ESER,2,271,2012
A,ITD3,DEP_ESER,3,187,1999
A,ITD3,DEP_ESER,3,211,2005
A,ITD3,DEP_ESER,3,227,2008
A,ITD3,DEP_ESER,3,221,2012
A,ITD3,DEP_ESER,9,929,1999
A,ITD3,DEP_ESER,9,1170,2005
A,ITD3,DEP_ESER,9,1224,2008
A,ITD3,DEP_ESER,9,1212,2012
A,ITD4,AES_EFF,1,87619,1999
A,ITD4,AES_EFF,1,101299,2005
A,ITD4,AES_EFF,1,119360,2008
A,ITD4,AES_EFF,1,123,2012
A,ITD4,AES_EFF,2,234610,1999
A,ITD4,AES_EFF,2,257057,2005
A,ITD4,AES_EFF,2,320028,2008
A,ITD4,AES_EFF,2,595,2012
A,ITD4,AES_EFF,3,1219067,1999
A,ITD4,AES_EFF,3,1306954,2005
A,ITD4,AES_EFF,3,1333519,2008
A,ITD4,AES_EFF,3,933,2012
A,ITD4,AES_EFF,9,1541296,1999
A,ITD4,AES_EFF,9,1665310,2005
A,ITD4,AES_EFF,9,1772906,2008
A,ITD4,AES_EFF,9,1651,2012
A,ITD4,DEP_ESER,1,266,1999
A,ITD4,DEP_ESER,1,336,2005
A,ITD4,DEP_ESER,1,389,2008
A,ITD4,DEP_ESER,1,430,2012
A,ITD4,DEP_ESER,2,202,1999
A,ITD4,DEP_ESER,2,226,2005
A,ITD4,DEP_ESER,2,251,2008
A,ITD4,DEP_ESER,2,283,2012
A,ITD4,DEP_ESER,3,42,1999
A,ITD4,DEP_ESER,3,48,2005
A,ITD4,DEP_ESER,3,53,2008
A,ITD4,DEP_ESER,3,45,2012
A,ITD4,DEP_ESER,9,510,1999
A,ITD4,DEP_ESER,9,610,2005
A,ITD4,DEP_ESER,9,693,2008
A,ITD4,DEP_ESER,9,758,2012
A,ITD5,AES_EFF,1,152285,1999
A,ITD5,AES_EFF,1,201678,2005
A,ITD5,AES_EFF,1,185642,2008
A,ITD5,AES_EFF,1,162,2012
A,ITD5,AES_EFF,2,466147,1999
A,ITD5,AES_EFF,2,583266,2005
A,ITD5,AES_EFF,2,670978,2008
A,ITD5,AES_EFF,2,1026,2012
A,ITD5,AES_EFF,3,5056870,1999
A,ITD5,AES_EFF,3,5029663,2005
A,ITD5,AES_EFF,3,5339758,2008
A,ITD5,AES_EFF,3,4950,2012
A,ITD5,AES_EFF,9,5675302,1999
A,ITD5,AES_EFF,9,5814607,2005
A,ITD5,AES_EFF,9,6196378,2008
A,ITD5,AES_EFF,9,6138,2012
A,ITD5,DEP_ESER,1,734,1999
A,ITD5,DEP_ESER,1,1136,2005
A,ITD5,DEP_ESER,1,1502,2008
A,ITD5,DEP_ESER,1,1447,2012
A,ITD5,DEP_ESER,2,335,1999
A,ITD5,DEP_ESER,2,439,2005
A,ITD5,DEP_ESER,2,503,2008
A,ITD5,DEP_ESER,2,550,2012
A,ITD5,DEP_ESER,3,134,1999
A,ITD5,DEP_ESER,3,153,2005
A,ITD5,DEP_ESER,3,158,2008
A,ITD5,DEP_ESER,3,132,2012
A,ITD5,DEP_ESER,9,1203,1999
A,ITD5,DEP_ESER,9,1728,2005
A,ITD5,DEP_ESER,9,2163,2008
A,ITD5,DEP_ESER,9,2129,2012
A,ITDA,AES_EFF,1,87424,1999
A,ITDA,AES_EFF,1,67845,2005
A,ITDA,AES_EFF,1,63790,2008
A,ITDA,AES_EFF,1,46,2012
A,ITDA,AES_EFF,2,84300,1999
A,ITDA,AES_EFF,2,112044,2005
A,ITDA,AES_EFF,2,120502,2008
A,ITDA,AES_EFF,2,132,2012
A,ITDA,AES_EFF,3,1874475,1999
A,ITDA,AES_EFF,3,2301250,2005
A,ITDA,AES_EFF,3,2392191,2008
A,ITDA,AES_EFF,3,2152,2012
A,ITDA,AES_EFF,9,2046199,1999
A,ITDA,AES_EFF,9,2481139,2005
A,ITDA,AES_EFF,9,2576482,2008
A,ITDA,AES_EFF,9,2330,2012
A,ITDA,DEP_ESER,1,155,1999
A,ITDA,DEP_ESER,1,152,2005
A,ITDA,DEP_ESER,1,166,2008
A,ITDA,DEP_ESER,1,139,2012
A,ITDA,DEP_ESER,2,39,1999
A,ITDA,DEP_ESER,2,46,2005
A,ITDA,DEP_ESER,2,53,2008
A,ITDA,DEP_ESER,2,52,2012
A,ITDA,DEP_ESER,3,62,1999
A,ITDA,DEP_ESER,3,75,2005
A,ITDA,DEP_ESER,3,76,2008
A,ITDA,DEP_ESER,3,75,2012
A,ITDA,DEP_ESER,9,256,1999
A,ITDA,DEP_ESER,9,273,2005
A,ITDA,DEP_ESER,9,295,2008
A,ITDA,DEP_ESER,9,266,2012
A,ITE,AES_EFF,1,166646,1999
A,ITE,AES_EFF,1,302765,2005
A,ITE,AES_EFF,1,422173,2008
A,ITE,AES_EFF,1,375,2012
A,ITE,AES_EFF,2,4873680,1999
A,ITE,AES_EFF,2,5313530,2005
A,ITE,AES_EFF,2,5560626,2008
A,ITE,AES_EFF,2,7568,2012
A,ITE,AES_EFF,3,7576726,1999
A,ITE,AES_EFF,3,9201727,2005
A,ITE,AES_EFF,3,9768770,2008
A,ITE,AES_EFF,3,6953,2012
A,ITE,AES_EFF,9,12617051,1999
A,ITE,AES_EFF,9,14818022,2005
A,ITE,AES_EFF,9,15751569,2008
A,ITE,AES_EFF,9,14896,2012
A,ITE,DEP_ESER,1,650,1999
A,ITE,DEP_ESER,1,1197,2005
A,ITE,DEP_ESER,1,1452,2008
A,ITE,DEP_ESER,1,1747,2012
A,ITE,DEP_ESER,2,1015,1999
A,ITE,DEP_ESER,2,1270,2005
A,ITE,DEP_ESER,2,1482,2008
A,ITE,DEP_ESER,2,1554,2012
A,ITE,DEP_ESER,3,244,1999
A,ITE,DEP_ESER,3,311,2005
A,ITE,DEP_ESER,3,330,2008
A,ITE,DEP_ESER,3,353,2012
A,ITE,DEP_ESER,9,1909,1999
A,ITE,DEP_ESER,9,2778,2005
A,ITE,DEP_ESER,9,3264,2008
A,ITE,DEP_ESER,9,3654,2012
A,ITE1,AES_EFF,1,71417,1999
A,ITE1,AES_EFF,1,156722,2005
A,ITE1,AES_EFF,1,181232,2008
A,ITE1,AES_EFF,1,106,2012
A,ITE1,AES_EFF,2,1327628,1999
A,ITE1,AES_EFF,2,1397210,2005
A,ITE1,AES_EFF,2,1420737,2008
A,ITE1,AES_EFF,2,1505,2012
A,ITE1,AES_EFF,3,4535853,1999
A,ITE1,AES_EFF,3,5396624,2005
A,ITE1,AES_EFF,3,5765902,2008
A,ITE1,AES_EFF,3,4703,2012
A,ITE1,AES_EFF,9,5934897,1999
A,ITE1,AES_EFF,9,6950555,2005
A,ITE1,AES_EFF,9,7367871,2008
A,ITE1,AES_EFF,9,6314,2012
A,ITE1,DEP_ESER,1,242,1999
A,ITE1,DEP_ESER,1,490,2005
A,ITE1,DEP_ESER,1,494,2008
A,ITE1,DEP_ESER,1,573,2012
A,ITE1,DEP_ESER,2,335,1999
A,ITE1,DEP_ESER,2,418,2005
A,ITE1,DEP_ESER,2,479,2008
A,ITE1,DEP_ESER,2,518,2012
A,ITE1,DEP_ESER,3,116,1999
A,ITE1,DEP_ESER,3,140,2005
A,ITE1,DEP_ESER,3,149,2008
A,ITE1,DEP_ESER,3,184,2012
A,ITE1,DEP_ESER,9,693,1999
A,ITE1,DEP_ESER,9,1048,2005
A,ITE1,DEP_ESER,9,1122,2008
A,ITE1,DEP_ESER,9,1275,2012
A,ITE2,AES_EFF,1,24026,1999
A,ITE2,AES_EFF,1,55557,2005
A,ITE2,AES_EFF,1,56282,2008
A,ITE2,AES_EFF,1,76,2012
A,ITE2,AES_EFF,2,82304,1999
A,ITE2,AES_EFF,2,131071,2005
A,ITE2,AES_EFF,2,151179,2008
A,ITE2,AES_EFF,2,209,2012
A,ITE2,AES_EFF,3,438594,1999
A,ITE2,AES_EFF,3,872664,2005
A,ITE2,AES_EFF,3,882165,2008
A,ITE2,AES_EFF,3,895,2012
A,ITE2,AES_EFF,9,544924,1999
A,ITE2,AES_EFF,9,1059292,2005
A,ITE2,AES_EFF,9,1089626,2008
A,ITE2,AES_EFF,9,1181,2012
A,ITE2,DEP_ESER,1,189,1999
A,ITE2,DEP_ESER,1,447,2005
A,ITE2,DEP_ESER,1,454,2008
A,ITE2,DEP_ESER,1,628,2012
A,ITE2,DEP_ESER,2,136,1999
A,ITE2,DEP_ESER,2,230,2005
A,ITE2,DEP_ESER,2,233,2008
A,ITE2,DEP_ESER,2,248,2012
A,ITE2,DEP_ESER,3,24,1999
A,ITE2,DEP_ESER,3,53,2005
A,ITE2,DEP_ESER,3,53,2008
A,ITE2,DEP_ESER,3,44,2012
A,ITE2,DEP_ESER,9,349,1999
A,ITE2,DEP_ESER,9,730,2005
A,ITE2,DEP_ESER,9,740,2008
A,ITE2,DEP_ESER,9,920,2012
A,ITE3,AES_EFF,1,35045,1999
A,ITE3,AES_EFF,1,45631,2005
A,ITE3,AES_EFF,1,86934,2008
A,ITE3,AES_EFF,1,44,2012
A,ITE3,AES_EFF,2,422739,1999
A,ITE3,AES_EFF,2,521628,2005
A,ITE3,AES_EFF,2,598329,2008
A,ITE3,AES_EFF,2,461,2012
A,ITE3,AES_EFF,3,746589,1999
A,ITE3,AES_EFF,3,819294,2005
A,ITE3,AES_EFF,3,837557,2008
A,ITE3,AES_EFF,3,893,2012
A,ITE3,AES_EFF,9,1204373,1999
A,ITE3,AES_EFF,9,1386553,2005
A,ITE3,AES_EFF,9,1522820,2008
A,ITE3,AES_EFF,9,1398,2012
A,ITE3,DEP_ESER,1,148,1999
A,ITE3,DEP_ESER,1,172,2005
A,ITE3,DEP_ESER,1,394,2008
A,ITE3,DEP_ESER,1,427,2012
A,ITE3,DEP_ESER,2,183,1999
A,ITE3,DEP_ESER,2,212,2005
A,ITE3,DEP_ESER,2,321,2008
A,ITE3,DEP_ESER,2,322,2012
A,ITE3,DEP_ESER,3,28,1999
A,ITE3,DEP_ESER,3,35,2005
A,ITE3,DEP_ESER,3,42,2008
A,ITE3,DEP_ESER,3,63,2012
A,ITE3,DEP_ESER,9,359,1999
A,ITE3,DEP_ESER,9,419,2005
A,ITE3,DEP_ESER,9,757,2008
A,ITE3,DEP_ESER,9,812,2012
A,ITE4,AES_EFF,1,36158,1999
A,ITE4,AES_EFF,1,44855,2005
A,ITE4,AES_EFF,1,97725,2008
A,ITE4,AES_EFF,1,148,2012
A,ITE4,AES_EFF,2,3041009,1999
A,ITE4,AES_EFF,2,3263622,2005
A,ITE4,AES_EFF,2,3390381,2008
A,ITE4,AES_EFF,2,5393,2012
A,ITE4,AES_EFF,3,1855690,1999
A,ITE4,AES_EFF,3,2113145,2005
A,ITE4,AES_EFF,3,2283146,2008
A,ITE4,AES_EFF,3,462,2012
A,ITE4,AES_EFF,9,4932857,1999
A,ITE4,AES_EFF,9,5421622,2005
A,ITE4,AES_EFF,9,5771252,2008
A,ITE4,AES_EFF,9,6003,2012
A,ITE4,DEP_ESER,1,71,1999
A,ITE4,DEP_ESER,1,88,2005
A,ITE4,DEP_ESER,1,110,2008
A,ITE4,DEP_ESER,1,119,2012
A,ITE4,DEP_ESER,2,361,1999
A,ITE4,DEP_ESER,2,410,2005
A,ITE4,DEP_ESER,2,449,2008
A,ITE4,DEP_ESER,2,466,2012
A,ITE4,DEP_ESER,3,76,1999
A,ITE4,DEP_ESER,3,83,2005
A,ITE4,DEP_ESER,3,86,2008
A,ITE4,DEP_ESER,3,62,2012
A,ITE4,DEP_ESER,9,508,1999
A,ITE4,DEP_ESER,9,581,2005
A,ITE4,DEP_ESER,9,645,2008
A,ITE4,DEP_ESER,9,647,2012
A,ITF,AES_EFF,1,440872,1999
A,ITF,AES_EFF,1,413550,2005
A,ITF,AES_EFF,1,499096,2008
A,ITF,AES_EFF,1,780,2012
A,ITF,AES_EFF,2,6909703,1999
A,ITF,AES_EFF,2,8219005,2005
A,ITF,AES_EFF,2,8484456,2008
A,ITF,AES_EFF,2,7338,2012
A,ITF,AES_EFF,3,6596153,1999
A,ITF,AES_EFF,3,7181163,2005
A,ITF,AES_EFF,3,7840894,2008
A,ITF,AES_EFF,3,8312,2012
A,ITF,AES_EFF,9,13946729,1999
A,ITF,AES_EFF,9,15813718,2005
A,ITF,AES_EFF,9,16824445,2008
A,ITF,AES_EFF,9,16429,2012
A,ITF,DEP_ESER,1,795,1999
A,ITF,DEP_ESER,1,832,2005
A,ITF,DEP_ESER,1,907,2008
A,ITF,DEP_ESER,1,1339,2012
A,ITF,DEP_ESER,2,860,1999
A,ITF,DEP_ESER,2,1051,2005
A,ITF,DEP_ESER,2,1165,2008
A,ITF,DEP_ESER,2,1117,2012
A,ITF,DEP_ESER,3,262,1999
A,ITF,DEP_ESER,3,320,2005
A,ITF,DEP_ESER,3,359,2008
A,ITF,DEP_ESER,3,419,2012
A,ITF,DEP_ESER,9,1917,1999
A,ITF,DEP_ESER,9,2203,2005
A,ITF,DEP_ESER,9,2431,2008
A,ITF,DEP_ESER,9,2875,2012
A,ITF1,AES_EFF,1,107180,1999
A,ITF1,AES_EFF,1,123006,2005
A,ITF1,AES_EFF,1,167138,2008
A,ITF1,AES_EFF,1,123,2012
A,ITF1,AES_EFF,2,417599,1999
A,ITF1,AES_EFF,2,476442,2005
A,ITF1,AES_EFF,2,529474,2008
A,ITF1,AES_EFF,2,1140,2012
A,ITF1,AES_EFF,3,767163,1999
A,ITF1,AES_EFF,3,780375,2005
A,ITF1,AES_EFF,3,798214,2008
A,ITF1,AES_EFF,3,468,2012
A,ITF1,AES_EFF,9,1291942,1999
A,ITF1,AES_EFF,9,1379823,2005
A,ITF1,AES_EFF,9,1494826,2008
A,ITF1,AES_EFF,9,1732,2012
A,ITF1,DEP_ESER,1,625,1999
A,ITF1,DEP_ESER,1,635,2005
A,ITF1,DEP_ESER,1,654,2008
A,ITF1,DEP_ESER,1,997,2012
A,ITF1,DEP_ESER,2,188,1999
A,ITF1,DEP_ESER,2,201,2005
A,ITF1,DEP_ESER,2,224,2008
A,ITF1,DEP_ESER,2,348,2012
A,ITF1,DEP_ESER,3,32,1999
A,ITF1,DEP_ESER,3,35,2005
A,ITF1,DEP_ESER,3,40,2008
A,ITF1,DEP_ESER,3,23,2012
A,ITF1,DEP_ESER,9,845,1999
A,ITF1,DEP_ESER,9,871,2005
A,ITF1,DEP_ESER,9,918,2008
A,ITF1,DEP_ESER,9,1368,2012
A,ITF2,AES_EFF,1,4786,1999
A,ITF2,AES_EFF,1,7326,2005
A,ITF2,AES_EFF,1,17355,2008
A,ITF2,AES_EFF,1,32,2012
A,ITF2,AES_EFF,2,133043,1999
A,ITF2,AES_EFF,2,152955,2005
A,ITF2,AES_EFF,2,158173,2008
A,ITF2,AES_EFF,2,179,2012
A,ITF2,AES_EFF,3,304038,1999
A,ITF2,AES_EFF,3,315104,2005
A,ITF2,AES_EFF,3,342270,2008
A,ITF2,AES_EFF,3,271,2012
A,ITF2,AES_EFF,9,441867,1999
A,ITF2,AES_EFF,9,475385,2005
A,ITF2,AES_EFF,9,517798,2008
A,ITF2,AES_EFF,9,481,2012
A,ITF2,DEP_ESER,1,5,1999
A,ITF2,DEP_ESER,1,10,2005
A,ITF2,DEP_ESER,1,26,2008
A,ITF2,DEP_ESER,1,33,2012
A,ITF2,DEP_ESER,2,113,1999
A,ITF2,DEP_ESER,2,130,2005
A,ITF2,DEP_ESER,2,149,2008
A,ITF2,DEP_ESER,2,147,2012
A,ITF2,DEP_ESER,3,26,1999
A,ITF2,DEP_ESER,3,28,2005
A,ITF2,DEP_ESER,3,40,2008
A,ITF2,DEP_ESER,3,25,2012
A,ITF2,DEP_ESER,9,144,1999
A,ITF2,DEP_ESER,9,168,2005
A,ITF2,DEP_ESER,9,215,2008
A,ITF2,DEP_ESER,9,205,2012
A,ITF3,AES_EFF,1,118053,1999
A,ITF3,AES_EFF,1,120461,2005
A,ITF3,AES_EFF,1,101459,2008
A,ITF3,AES_EFF,1,235,2012
A,ITF3,AES_EFF,2,4255373,1999
A,ITF3,AES_EFF,2,4880667,2005
A,ITF3,AES_EFF,2,4876539,2008
A,ITF3,AES_EFF,2,3891,2012
A,ITF3,AES_EFF,3,2729310,1999
A,ITF3,AES_EFF,3,2571776,2005
A,ITF3,AES_EFF,3,2925655,2008
A,ITF3,AES_EFF,3,2369,2012
A,ITF3,AES_EFF,9,7102737,1999
A,ITF3,AES_EFF,9,7572904,2005
A,ITF3,AES_EFF,9,7903653,2008
A,ITF3,AES_EFF,9,6495,2012
A,ITF3,DEP_ESER,1,71,1999
A,ITF3,DEP_ESER,1,74,2005
A,ITF3,DEP_ESER,1,94,2008
A,ITF3,DEP_ESER,1,146,2012
A,ITF3,DEP_ESER,2,242,1999
A,ITF3,DEP_ESER,2,261,2005
A,ITF3,DEP_ESER,2,302,2008
A,ITF3,DEP_ESER,2,283,2012
A,ITF3,DEP_ESER,3,68,1999
A,ITF3,DEP_ESER,3,79,2005
A,ITF3,DEP_ESER,3,92,2008
A,ITF3,DEP_ESER,3,83,2012
A,ITF3,DEP_ESER,9,381,1999
A,ITF3,DEP_ESER,9,414,2005
A,ITF3,DEP_ESER,9,488,2008
A,ITF3,DEP_ESER,9,512,2012
A,ITF4,AES_EFF,1,103312,1999
A,ITF4,AES_EFF,1,65686,2005
A,ITF4,AES_EFF,1,92028,2008
A,ITF4,AES_EFF,1,110,2012
A,ITF4,AES_EFF,2,1389453,1999
A,ITF4,AES_EFF,2,1509492,2005
A,ITF4,AES_EFF,2,1510573,2008
A,ITF4,AES_EFF,2,659,2012
A,ITF4,AES_EFF,3,2192359,1999
A,ITF4,AES_EFF,3,2466007,2005
A,ITF4,AES_EFF,3,2642766,2008
A,ITF4,AES_EFF,3,4047,2012
A,ITF4,AES_EFF,9,3685124,1999
A,ITF4,AES_EFF,9,4041185,2005
A,ITF4,AES_EFF,9,4245368,2008
A,ITF4,AES_EFF,9,4816,2012
A,ITF4,DEP_ESER,1,13,1999
A,ITF4,DEP_ESER,1,10,2005
A,ITF4,DEP_ESER,1,9,2008
A,ITF4,DEP_ESER,1,10,2012
A,ITF4,DEP_ESER,2,87,1999
A,ITF4,DEP_ESER,2,94,2005
A,ITF4,DEP_ESER,2,85,2008
A,ITF4,DEP_ESER,2,26,2012
A,ITF4,DEP_ESER,3,89,1999
A,ITF4,DEP_ESER,3,97,2005
A,ITF4,DEP_ESER,3,97,2008
A,ITF4,DEP_ESER,3,154,2012
A,ITF4,DEP_ESER,9,189,1999
A,ITF4,DEP_ESER,9,201,2005
A,ITF4,DEP_ESER,9,191,2008
A,ITF4,DEP_ESER,9,190,2012
A,ITF5,AES_EFF,1,18410,1999
A,ITF5,AES_EFF,1,2110,2005
A,ITF5,AES_EFF,1,33933,2008
A,ITF5,AES_EFF,1,9,2012
A,ITF5,AES_EFF,2,114210,1999
A,ITF5,AES_EFF,2,224078,2005
A,ITF5,AES_EFF,2,241265,2008
A,ITF5,AES_EFF,2,175,2012
A,ITF5,AES_EFF,3,207405,1999
A,ITF5,AES_EFF,3,340919,2005
A,ITF5,AES_EFF,3,356180,2008
A,ITF5,AES_EFF,3,433,2012
A,ITF5,AES_EFF,9,340025,1999
A,ITF5,AES_EFF,9,567107,2005
A,ITF5,AES_EFF,9,631378,2008
A,ITF5,AES_EFF,9,617,2012
A,ITF5,DEP_ESER,1,5,1999
A,ITF5,DEP_ESER,1,7,2005
A,ITF5,DEP_ESER,1,23,2008
A,ITF5,DEP_ESER,1,4,2012
A,ITF5,DEP_ESER,2,71,1999
A,ITF5,DEP_ESER,2,144,2005
A,ITF5,DEP_ESER,2,150,2008
A,ITF5,DEP_ESER,2,82,2012
A,ITF5,DEP_ESER,3,11,1999
A,ITF5,DEP_ESER,3,25,2005
A,ITF5,DEP_ESER,3,25,2008
A,ITF5,DEP_ESER,3,88,2012
A,ITF5,DEP_ESER,9,87,1999
A,ITF5,DEP_ESER,9,176,2005
A,ITF5,DEP_ESER,9,198,2008
A,ITF5,DEP_ESER,9,174,2012
A,ITF6,AES_EFF,1,89131,1999
A,ITF6,AES_EFF,1,94961,2005
A,ITF6,AES_EFF,1,87183,2008
A,ITF6,AES_EFF,1,270,2012
A,ITF6,AES_EFF,2,600026,1999
A,ITF6,AES_EFF,2,975371,2005
A,ITF6,AES_EFF,2,1168431,2008
A,ITF6,AES_EFF,2,1294,2012
A,ITF6,AES_EFF,3,395878,1999
A,ITF6,AES_EFF,3,706982,2005
A,ITF6,AES_EFF,3,775808,2008
A,ITF6,AES_EFF,3,724,2012
A,ITF6,AES_EFF,9,1085034,1999
A,ITF6,AES_EFF,9,1777314,2005
A,ITF6,AES_EFF,9,2031422,2008
A,ITF6,AES_EFF,9,2288,2012
A,ITF6,DEP_ESER,1,76,1999
A,ITF6,DEP_ESER,1,96,2005
A,ITF6,DEP_ESER,1,101,2008
A,ITF6,DEP_ESER,1,149,2012
A,ITF6,DEP_ESER,2,159,1999
A,ITF6,DEP_ESER,2,221,2005
A,ITF6,DEP_ESER,2,255,2008
A,ITF6,DEP_ESER,2,231,2012
A,ITF6,DEP_ESER,3,36,1999
A,ITF6,DEP_ESER,3,56,2005
A,ITF6,DEP_ESER,3,65,2008
A,ITF6,DEP_ESER,3,46,2012
A,ITF6,DEP_ESER,9,271,1999
A,ITF6,DEP_ESER,9,373,2005
A,ITF6,DEP_ESER,9,421,2008
A,ITF6,DEP_ESER,9,426,2012
A,ITG,AES_EFF,1,260823,1999
A,ITG,AES_EFF,1,280891,2005
A,ITG,AES_EFF,1,299619,2008
A,ITG,AES_EFF,1,824,2012
A,ITG,AES_EFF,2,3125851,1999
A,ITG,AES_EFF,2,3338521,2005
A,ITG,AES_EFF,2,3634180,2008
A,ITG,AES_EFF,2,3382,2012
A,ITG,AES_EFF,3,2122986,1999
A,ITG,AES_EFF,3,2881340,2005
A,ITG,AES_EFF,3,3254909,2008
A,ITG,AES_EFF,3,3115,2012
A,ITG,AES_EFF,9,5509660,1999
A,ITG,AES_EFF,9,6500752,2005
A,ITG,AES_EFF,9,7188708,2008
A,ITG,AES_EFF,9,7321,2012
A,ITG,DEP_ESER,1,66,1999
A,ITG,DEP_ESER,1,79,2005
A,ITG,DEP_ESER,1,118,2008
A,ITG,DEP_ESER,1,171,2012
A,ITG,DEP_ESER,2,415,1999
A,ITG,DEP_ESER,2,471,2005
A,ITG,DEP_ESER,2,549,2008
A,ITG,DEP_ESER,2,510,2012
A,ITG,DEP_ESER,3,144,1999
A,ITG,DEP_ESER,3,182,2005
A,ITG,DEP_ESER,3,218,2008
A,ITG,DEP_ESER,3,194,2012
A,ITG,DEP_ESER,9,625,1999
A,ITG,DEP_ESER,9,732,2005
A,ITG,DEP_ESER,9,885,2008
A,ITG,DEP_ESER,9,875,2012
A,ITG1,AES_EFF,1,247884,1999
A,ITG1,AES_EFF,1,267212,2005
A,ITG1,AES_EFF,1,286586,2008
A,ITG1,AES_EFF,1,447,2012
A,ITG1,AES_EFF,2,2151925,1999
A,ITG1,AES_EFF,2,2239219,2005
A,ITG1,AES_EFF,2,2472139,2008
A,ITG1,AES_EFF,2,2669,2012
A,ITG1,AES_EFF,3,1252072,1999
A,ITG1,AES_EFF,3,1377393,2005
A,ITG1,AES_EFF,3,1531516,2008
A,ITG1,AES_EFF,3,1234,2012
A,ITG1,AES_EFF,9,3651881,1999
A,ITG1,AES_EFF,9,3883825,2005
A,ITG1,AES_EFF,9,4290241,2008
A,ITG1,AES_EFF,9,4351,2012
A,ITG1,DEP_ESER,1,49,1999
A,ITG1,DEP_ESER,1,62,2005
A,ITG1,DEP_ESER,1,99,2008
A,ITG1,DEP_ESER,1,140,2012
A,ITG1,DEP_ESER,2,153,1999
A,ITG1,DEP_ESER,2,163,2005
A,ITG1,DEP_ESER,2,205,2008
A,ITG1,DEP_ESER,2,200,2012
A,ITG1,DEP_ESER,3,73,1999
A,ITG1,DEP_ESER,3,81,2005
A,ITG1,DEP_ESER,3,99,2008
A,ITG1,DEP_ESER,3,42,2012
A,ITG1,DEP_ESER,9,275,1999
A,ITG1,DEP_ESER,9,306,2005
A,ITG1,DEP_ESER,9,403,2008
A,ITG1,DEP_ESER,9,382,2012
A,ITG2,AES_EFF,1,12939,1999
A,ITG2,AES_EFF,1,13679,2005
A,ITG2,AES_EFF,1,13033,2008
A,ITG2,AES_EFF,1,377,2012
A,ITG2,AES_EFF,2,973926,1999
A,ITG2,AES_EFF,2,1099302,2005
A,ITG2,AES_EFF,2,1162041,2008
A,ITG2,AES_EFF,2,713,2012
A,ITG2,AES_EFF,3,870914,1999
A,ITG2,AES_EFF,3,1503947,2005
A,ITG2,AES_EFF,3,1723394,2008
A,ITG2,AES_EFF,3,1880,2012
A,ITG2,AES_EFF,9,1857779,1999
A,ITG2,AES_EFF,9,2616928,2005
A,ITG2,AES_EFF,9,2898467,2008
A,ITG2,AES_EFF,9,2970,2012
A,ITG2,DEP_ESER,1,17,1999
A,ITG2,DEP_ESER,1,17,2005
A,ITG2,DEP_ESER,1,19,2008
A,ITG2,DEP_ESER,1,31,2012
A,ITG2,DEP_ESER,2,262,1999
A,ITG2,DEP_ESER,2,308,2005
A,ITG2,DEP_ESER,2,344,2008
A,ITG2,DEP_ESER,2,310,2012
A,ITG2,DEP_ESER,3,71,1999
A,ITG2,DEP_ESER,3,101,2005
A,ITG2,DEP_ESER,3,119,2008
A,ITG2,DEP_ESER,3,152,2012
A,ITG2,DEP_ESER,9,350,1999
A,ITG2,DEP_ESER,9,426,2005
A,ITG2,DEP_ESER,9,482,2008
A,ITG2,DEP_ESER,9,493,2012
